RecordedAtTime,DirectionRef,PublishedLineName,OriginName,OriginLat,OriginLong,DestinationName,DestinationLat,DestinationLong,VehicleRef,VehicleLocation.Latitude,VehicleLocation.Longitude,NextStopPointName,ArrivalProximityText,DistanceFromStop,ExpectedArrivalTime,ScheduledArrivalTime,scheduled_time,expected_time,time_diff,time_diff_mins
2017-08-01 09:11:33,0,M100,1 AV/125 ST,40.801968,-73.93135799999999,INWOOD 220 ST via AMSTERDAM via BWAY,40.871902,-73.913101,NYCT_8366,40.810359000000005,-73.951612,W 125 ST/FRED DOUGLASS BL,at stop,1.0,2017-08-01 09:11:51,09:08:26,09:08:26,09:11:51,0 days 00:03:25.000000000,4
2017-08-01 14:12:48,0,M100,1 AV/125 ST,40.801968,-73.93135799999999,INWOOD 220 ST via AMSTERDAM via BWAY,40.871902,-73.913101,NYCT_8384,40.810292,-73.951451,W 125 ST/FRED DOUGLASS BL,at stop,17.0,2017-08-01 14:12:57,14:09:01,14:09:01,14:12:57,0 days 00:03:56.000000000,4
2017-08-01 15:42:13,0,M100,1 AV/125 ST,40.801968,-73.93135799999999,INWOOD 220 ST via AMSTERDAM via BWAY,40.871902,-73.913101,NYCT_4363,40.810266999999996,-73.95139,W 125 ST/FRED DOUGLASS BL,at stop,23.0,2017-08-01 15:42:28,15:41:49,15:41:49,15:42:28,0 days 00:00:39.000000000,1
2017-08-01 18:12:11,0,M100,1 AV/125 ST,40.801968,-73.93135799999999,INWOOD 220 ST via AMSTERDAM via BWAY,40.871902,-73.913101,NYCT_4358,40.810274,-73.95140699999999,W 125 ST/FRED DOUGLASS BL,at stop,21.0,2017-08-01 18:12:26,18:12:14,18:12:14,18:12:26,0 days 00:00:12.000000000,1
2017-08-01 19:22:24,0,M100,1 AV/125 ST,40.801968,-73.93135799999999,INWOOD 220 ST via AMSTERDAM via BWAY,40.871902,-73.913101,NYCT_8393,40.810359000000005,-73.951612,W 125 ST/FRED DOUGLASS BL,at stop,1.0,2017-08-01 19:22:27,19:20:26,19:20:26,19:22:27,0 days 00:02:01.000000000,3
2017-08-01 19:22:24,0,M100,1 AV/125 ST,40.801968,-73.93135799999999,INWOOD 220 ST via AMSTERDAM via BWAY,40.871902,-73.913101,NYCT_8393,40.810359000000005,-73.951612,W 125 ST/FRED DOUGLASS BL,at stop,1.0,2017-08-01 19:22:27,19:21:14,19:21:14,19:22:27,0 days 00:01:13.000000000,2
2017-08-02 12:13:55,0,M100,1 AV/125 ST,40.801968,-73.93135799999999,INWOOD 220 ST via AMSTERDAM via BWAY,40.871902,-73.913101,NYCT_4334,40.810311999999996,-73.9515,W 125 ST/FRED DOUGLASS BL,at stop,12.0,2017-08-02 12:14:32,12:14:14,12:14:14,12:14:32,0 days 00:00:18.000000000,1
2017-08-02 14:44:31,0,M100,1 AV/125 ST,40.801968,-73.93135799999999,INWOOD 220 ST via AMSTERDAM via BWAY,40.871902,-73.913101,NYCT_4351,40.81031,-73.951494,W 125 ST/FRED DOUGLASS BL,at stop,13.0,2017-08-02 14:44:43,14:43:49,14:43:49,14:44:43,0 days 00:00:54.000000000,1
2017-08-02 15:13:55,0,M100,1 AV/125 ST,40.801968,-73.93135799999999,INWOOD 220 ST via AMSTERDAM via BWAY,40.871902,-73.913101,NYCT_4374,40.810317,-73.951511,W 125 ST/FRED DOUGLASS BL,at stop,11.0,2017-08-02 15:14:03,15:06:49,15:06:49,15:14:03,0 days 00:07:14.000000000,8
2017-08-02 17:34:54,0,M100,1 AV/125 ST,40.801968,-73.93135799999999,INWOOD 220 ST via AMSTERDAM via BWAY,40.871902,-73.913101,NYCT_4367,40.810324,-73.951528,W 125 ST/FRED DOUGLASS BL,at stop,9.0,2017-08-02 17:34:59,17:27:49,17:27:49,17:34:59,0 days 00:07:10.000000000,8
2017-08-02 18:04:51,0,M100,1 AV/125 ST,40.801968,-73.93135799999999,INWOOD 220 ST via AMSTERDAM via BWAY,40.871902,-73.913101,NYCT_4351,40.810311999999996,-73.9515,W 125 ST/FRED DOUGLASS BL,at stop,12.0,2017-08-02 18:05:01,18:04:14,18:04:14,18:05:01,0 days 00:00:47.000000000,1
2017-08-03 13:56:27,0,M100,1 AV/125 ST,40.801968,-73.93135799999999,INWOOD 220 ST via AMSTERDAM via BWAY,40.871902,-73.913101,NYCT_4136,40.810307,-73.951487,W 125 ST/FRED DOUGLASS BL,at stop,13.0,2017-08-03 13:56:43,13:54:01,13:54:01,13:56:43,0 days 00:02:42.000000000,3
2017-08-03 15:06:53,0,M100,1 AV/125 ST,40.801968,-73.93135799999999,INWOOD 220 ST via AMSTERDAM via BWAY,40.871902,-73.913101,NYCT_4380,40.810302,-73.951476,W 125 ST/FRED DOUGLASS BL,at stop,14.0,2017-08-03 15:07:18,15:06:49,15:06:49,15:07:18,0 days 00:00:29.000000000,1
2017-08-03 15:36:20,0,M100,1 AV/125 ST,40.801968,-73.93135799999999,INWOOD 220 ST via AMSTERDAM via BWAY,40.871902,-73.913101,NYCT_4381,40.810280999999996,-73.951425,W 125 ST/FRED DOUGLASS BL,at stop,19.0,2017-08-03 15:36:32,15:24:49,15:24:49,15:36:32,0 days 00:11:43.000000000,12
2017-08-03 17:47:15,0,M100,1 AV/125 ST,40.801968,-73.93135799999999,INWOOD 220 ST via AMSTERDAM via BWAY,40.871902,-73.913101,NYCT_8368,40.810295,-73.951459,W 125 ST/FRED DOUGLASS BL,at stop,16.0,2017-08-03 17:47:32,17:43:49,17:43:49,17:47:32,0 days 00:03:43.000000000,4
2017-08-03 20:17:32,0,M100,1 AV/125 ST,40.801968,-73.93135799999999,INWOOD 220 ST via AMSTERDAM via BWAY,40.871902,-73.913101,NYCT_4383,40.810357,-73.951608,W 125 ST/FRED DOUGLASS BL,at stop,2.0,2017-08-03 20:17:42,20:17:16,20:17:16,20:17:42,0 days 00:00:26.000000000,1
2017-08-04 07:17:24,0,M100,1 AV/125 ST,40.801968,-73.93135799999999,INWOOD 220 ST via AMSTERDAM via BWAY,40.871902,-73.913101,NYCT_4107,40.810324,-73.95152900000001,W 125 ST/FRED DOUGLASS BL,at stop,9.0,2017-08-04 07:17:39,07:17:39,07:17:39,07:17:39,0 days 00:00:00.000000000,0
2017-08-04 09:28:16,0,M100,1 AV/125 ST,40.801968,-73.93135799999999,INWOOD 220 ST via AMSTERDAM via BWAY,40.871902,-73.913101,NYCT_4405,40.810334000000005,-73.951553,W 125 ST/FRED DOUGLASS BL,at stop,7.0,2017-08-04 09:28:37,09:15:26,09:15:26,09:28:37,0 days 00:13:11.000000000,14
2017-08-04 10:18:22,0,M100,1 AV/125 ST,40.801968,-73.93135799999999,INWOOD 220 ST via AMSTERDAM via BWAY,40.871902,-73.913101,NYCT_4107,40.810334000000005,-73.951553,W 125 ST/FRED DOUGLASS BL,at stop,7.0,2017-08-04 10:18:41,10:13:26,10:13:26,10:18:41,0 days 00:05:15.000000000,6
2017-08-04 17:48:53,0,M100,1 AV/125 ST,40.801968,-73.93135799999999,INWOOD 220 ST via AMSTERDAM via BWAY,40.871902,-73.913101,NYCT_4359,40.810274,-73.95140699999999,W 125 ST/FRED DOUGLASS BL,at stop,21.0,2017-08-04 17:49:15,17:49:14,17:49:14,17:49:15,0 days 00:00:01.000000000,1
2017-08-04 20:08:36,0,M100,1 AV/125 ST,40.801968,-73.93135799999999,INWOOD 220 ST via AMSTERDAM via BWAY,40.871902,-73.913101,NYCT_4363,40.810320000000004,-73.95151800000001,W 125 ST/FRED DOUGLASS BL,at stop,10.0,2017-08-04 20:08:54,20:08:04,20:08:04,20:08:54,0 days 00:00:50.000000000,1
2017-08-05 12:00:26,0,M100,1 AV/125 ST,40.801968,-73.93135799999999,INWOOD 220 ST via AMSTERDAM via BWAY,40.871902,-73.913101,NYCT_8381,40.810301,-73.951473,W 125 ST/FRED DOUGLASS BL,at stop,15.0,2017-08-05 12:00:38,11:56:04,11:56:04,12:00:38,0 days 00:04:34.000000000,5
2017-08-05 14:00:09,0,M100,1 AV/125 ST,40.801968,-73.93135799999999,INWOOD 220 ST via AMSTERDAM via BWAY,40.871902,-73.913101,NYCT_8372,40.810313,-73.951502,W 125 ST/FRED DOUGLASS BL,at stop,12.0,2017-08-05 14:00:26,13:56:51,13:56:51,14:00:26,0 days 00:03:35.000000000,4
2017-08-05 19:30:49,0,M100,1 AV/125 ST,40.801968,-73.93135799999999,INWOOD 220 ST via AMSTERDAM via BWAY,40.871902,-73.913101,NYCT_8385,40.810358,-73.95161,W 125 ST/FRED DOUGLASS BL,at stop,2.0,2017-08-05 19:31:12,19:30:51,19:30:51,19:31:12,0 days 00:00:21.000000000,1
2017-08-06 10:51:57,0,M100,1 AV/125 ST,40.801968,-73.93135799999999,INWOOD 220 ST via AMSTERDAM via BWAY,40.871902,-73.913101,NYCT_4407,40.810287,-73.95144,W 125 ST/FRED DOUGLASS BL,at stop,18.0,2017-08-06 10:52:19,10:54:16,10:54:16,10:52:19,-1 days +23:58:03.000000000,-1
2017-08-06 18:02:28,0,M100,1 AV/125 ST,40.801968,-73.93135799999999,INWOOD 220 ST via AMSTERDAM via BWAY,40.871902,-73.913101,NYCT_4405,40.810358,-73.95161,W 125 ST/FRED DOUGLASS BL,at stop,2.0,2017-08-06 18:02:52,17:46:51,17:46:51,18:02:52,0 days 00:16:01.000000000,17
2017-08-06 21:22:42,0,M100,1 AV/125 ST,40.801968,-73.93135799999999,INWOOD 220 ST via AMSTERDAM via BWAY,40.871902,-73.913101,NYCT_4365,40.810266,-73.951389,W 125 ST/FRED DOUGLASS BL,at stop,23.0,2017-08-06 21:23:06,21:22:41,21:22:41,21:23:06,0 days 00:00:25.000000000,1
2017-08-07 08:33:40,0,M100,1 AV/125 ST,40.801968,-73.93135799999999,INWOOD 220 ST via AMSTERDAM via BWAY,40.871902,-73.913101,NYCT_8394,40.810239,-73.951324,W 125 ST/FRED DOUGLASS BL,at stop,29.0,2017-08-07 08:33:55,08:29:39,08:29:39,08:33:55,0 days 00:04:16.000000000,5
2017-08-07 15:13:51,0,M100,1 AV/125 ST,40.801968,-73.93135799999999,INWOOD 220 ST via AMSTERDAM via BWAY,40.871902,-73.913101,NYCT_4332,40.810367,-73.95163199999999,W 125 ST/FRED DOUGLASS BL,at stop,0.0,2017-08-07 15:13:58,15:15:49,15:15:49,15:13:58,-1 days +23:58:09.000000000,-1
2017-08-07 18:04:33,0,M100,1 AV/125 ST,40.801968,-73.93135799999999,INWOOD 220 ST via AMSTERDAM via BWAY,40.871902,-73.913101,NYCT_4401,40.810280999999996,-73.951426,W 125 ST/FRED DOUGLASS BL,at stop,19.0,2017-08-07 18:04:43,17:57:14,17:57:14,18:04:43,0 days 00:07:29.000000000,8
2017-08-07 18:24:23,0,M100,1 AV/125 ST,40.801968,-73.93135799999999,INWOOD 220 ST via AMSTERDAM via BWAY,40.871902,-73.913101,NYCT_4341,40.810367,-73.95163199999999,W 125 ST/FRED DOUGLASS BL,at stop,0.0,2017-08-07 18:24:41,18:27:14,18:27:14,18:24:41,-1 days +23:57:27.000000000,-2
2017-08-08 15:55:44,0,M100,1 AV/125 ST,40.801968,-73.93135799999999,INWOOD 220 ST via AMSTERDAM via BWAY,40.871902,-73.913101,NYCT_4396,40.810331,-73.951545,W 125 ST/FRED DOUGLASS BL,at stop,8.0,2017-08-08 15:56:18,15:57:49,15:57:49,15:56:18,-1 days +23:58:29.000000000,-1
2017-08-09 10:57:04,0,M100,1 AV/125 ST,40.801968,-73.93135799999999,INWOOD 220 ST via AMSTERDAM via BWAY,40.871902,-73.913101,NYCT_8360,40.810334000000005,-73.951553,W 125 ST/FRED DOUGLASS BL,at stop,7.0,2017-08-09 10:57:36,10:53:26,10:53:26,10:57:36,0 days 00:04:10.000000000,5
2017-08-09 14:17:24,0,M100,1 AV/125 ST,40.801968,-73.93135799999999,INWOOD 220 ST via AMSTERDAM via BWAY,40.871902,-73.913101,NYCT_4223,40.810359000000005,-73.951614,W 125 ST/FRED DOUGLASS BL,at stop,1.0,2017-08-09 14:17:29,14:18:01,14:18:01,14:17:29,-1 days +23:59:28.000000000,0
2017-08-09 17:27:52,0,M100,1 AV/125 ST,40.801968,-73.93135799999999,INWOOD 220 ST via AMSTERDAM via BWAY,40.871902,-73.913101,NYCT_8391,40.810352,-73.95159699999999,W 125 ST/FRED DOUGLASS BL,at stop,3.0,2017-08-09 17:28:06,17:27:49,17:27:49,17:28:06,0 days 00:00:17.000000000,1
2017-08-09 20:57:31,0,M100,1 AV/125 ST,40.801968,-73.93135799999999,INWOOD 220 ST via AMSTERDAM via BWAY,40.871902,-73.913101,NYCT_4388,40.810367,-73.95163199999999,W 125 ST/FRED DOUGLASS BL,at stop,0.0,2017-08-09 20:57:39,20:59:16,20:59:16,20:57:39,-1 days +23:58:23.000000000,-1
2017-08-10 09:38:23,0,M100,1 AV/125 ST,40.801968,-73.93135799999999,INWOOD 220 ST via AMSTERDAM via BWAY,40.871902,-73.913101,NYCT_4367,40.810359000000005,-73.951612,W 125 ST/FRED DOUGLASS BL,at stop,1.0,2017-08-10 09:38:34,09:35:26,09:35:26,09:38:34,0 days 00:03:08.000000000,4
2017-08-10 18:29:02,0,M100,1 AV/125 ST,40.801968,-73.93135799999999,INWOOD 220 ST via AMSTERDAM via BWAY,40.871902,-73.913101,NYCT_8369,40.810328000000005,-73.951538,W 125 ST/FRED DOUGLASS BL,at stop,8.0,2017-08-10 18:29:10,18:27:14,18:27:14,18:29:10,0 days 00:01:56.000000000,2
2017-08-11 13:20:29,0,M100,1 AV/125 ST,40.801968,-73.93135799999999,INWOOD 220 ST via AMSTERDAM via BWAY,40.871902,-73.913101,NYCT_4362,40.810292,-73.951451,W 125 ST/FRED DOUGLASS BL,at stop,17.0,2017-08-11 13:21:09,13:14:01,13:14:01,13:21:09,0 days 00:07:08.000000000,8
2017-08-11 14:01:04,0,M100,1 AV/125 ST,40.801968,-73.93135799999999,INWOOD 220 ST via AMSTERDAM via BWAY,40.871902,-73.913101,NYCT_8389,40.810344,-73.951578,W 125 ST/FRED DOUGLASS BL,at stop,5.0,2017-08-11 14:01:36,14:01:01,14:01:01,14:01:36,0 days 00:00:35.000000000,1
2017-08-11 14:40:50,0,M100,1 AV/125 ST,40.801968,-73.93135799999999,INWOOD 220 ST via AMSTERDAM via BWAY,40.871902,-73.913101,NYCT_4343,40.810359999999996,-73.951614,W 125 ST/FRED DOUGLASS BL,at stop,1.0,2017-08-11 14:40:55,14:35:49,14:35:49,14:40:55,0 days 00:05:06.000000000,6
2017-08-11 15:41:02,0,M100,1 AV/125 ST,40.801968,-73.93135799999999,INWOOD 220 ST via AMSTERDAM via BWAY,40.871902,-73.913101,NYCT_8380,40.810338,-73.95156300000001,W 125 ST/FRED DOUGLASS BL,at stop,6.0,2017-08-11 15:41:09,15:15:49,15:15:49,15:41:09,0 days 00:25:20.000000000,26
2017-08-11 17:31:34,0,M100,1 AV/125 ST,40.801968,-73.93135799999999,INWOOD 220 ST via AMSTERDAM via BWAY,40.871902,-73.913101,NYCT_8370,40.810352,-73.95159699999999,W 125 ST/FRED DOUGLASS BL,at stop,3.0,2017-08-11 17:31:48,17:35:49,17:35:49,17:31:48,-1 days +23:55:59.000000000,-4
2017-08-11 19:00:49,0,M100,1 AV/125 ST,40.801968,-73.93135799999999,INWOOD 220 ST via AMSTERDAM via BWAY,40.871902,-73.913101,NYCT_8394,40.810359000000005,-73.951612,W 125 ST/FRED DOUGLASS BL,at stop,1.0,2017-08-11 19:01:07,19:00:26,19:00:26,19:01:07,0 days 00:00:41.000000000,1
2017-08-12 22:33:42,0,M100,1 AV/125 ST,40.801968,-73.93135799999999,INWOOD 220 ST via AMSTERDAM via BWAY,40.871902,-73.913101,NYCT_4362,40.810322,-73.95152399999999,W 125 ST/FRED DOUGLASS BL,at stop,10.0,2017-08-12 22:33:56,22:36:41,22:36:41,22:33:56,-1 days +23:57:15.000000000,-2
2017-08-13 12:13:56,0,M100,1 AV/125 ST,40.801968,-73.93135799999999,INWOOD 220 ST via AMSTERDAM via BWAY,40.871902,-73.913101,NYCT_4747,40.810257,-73.951368,W 125 ST/FRED DOUGLASS BL,at stop,25.0,2017-08-13 12:14:17,12:15:16,12:15:16,12:14:17,-1 days +23:59:01.000000000,0
2017-08-13 19:24:51,0,M100,1 AV/125 ST,40.801968,-73.93135799999999,INWOOD 220 ST via AMSTERDAM via BWAY,40.871902,-73.913101,NYCT_8377,40.810357,-73.951608,W 125 ST/FRED DOUGLASS BL,at stop,2.0,2017-08-13 19:24:57,19:21:16,19:21:16,19:24:57,0 days 00:03:41.000000000,4
2017-08-14 13:55:45,0,M100,1 AV/125 ST,40.801968,-73.93135799999999,INWOOD 220 ST via AMSTERDAM via BWAY,40.871902,-73.913101,NYCT_4136,40.810322,-73.95152399999999,W 125 ST/FRED DOUGLASS BL,at stop,10.0,2017-08-14 13:56:01,13:54:01,13:54:01,13:56:01,0 days 00:02:00.000000000,2
2017-08-14 16:36:24,0,M100,1 AV/125 ST,40.801968,-73.93135799999999,INWOOD 220 ST via AMSTERDAM via BWAY,40.871902,-73.913101,NYCT_4387,40.810367,-73.95163199999999,W 125 ST/FRED DOUGLASS BL,at stop,0.0,2017-08-14 16:36:55,16:37:49,16:37:49,16:36:55,-1 days +23:59:06.000000000,0
2017-08-15 11:57:36,0,M100,1 AV/125 ST,40.801968,-73.93135799999999,INWOOD 220 ST via AMSTERDAM via BWAY,40.871902,-73.913101,NYCT_4378,40.810311999999996,-73.9515,W 125 ST/FRED DOUGLASS BL,at stop,12.0,2017-08-15 11:57:49,12:04:14,12:04:14,11:57:49,-1 days +23:53:35.000000000,-6
2017-08-15 18:48:39,0,M100,1 AV/125 ST,40.801968,-73.93135799999999,INWOOD 220 ST via AMSTERDAM via BWAY,40.871902,-73.913101,NYCT_5590,40.810289000000004,-73.951444,W 125 ST/FRED DOUGLASS BL,at stop,17.0,2017-08-15 18:48:51,18:42:14,18:42:14,18:48:51,0 days 00:06:37.000000000,7
2017-08-16 11:28:54,0,M100,1 AV/125 ST,40.801968,-73.93135799999999,INWOOD 220 ST via AMSTERDAM via BWAY,40.871902,-73.913101,NYCT_4376,40.810367,-73.95163199999999,W 125 ST/FRED DOUGLASS BL,at stop,0.0,2017-08-16 11:29:22,11:23:26,11:23:26,11:29:22,0 days 00:05:56.000000000,6
2017-08-16 13:18:55,0,M100,1 AV/125 ST,40.801968,-73.93135799999999,INWOOD 220 ST via AMSTERDAM via BWAY,40.871902,-73.913101,NYCT_4372,40.810352,-73.951596,W 125 ST/FRED DOUGLASS BL,at stop,3.0,2017-08-16 13:19:09,13:22:01,13:22:01,13:19:09,-1 days +23:57:08.000000000,-2
2017-08-16 20:30:20,0,M100,1 AV/125 ST,40.801968,-73.93135799999999,INWOOD 220 ST via AMSTERDAM via BWAY,40.871902,-73.913101,NYCT_4714,40.810327,-73.951536,W 125 ST/FRED DOUGLASS BL,at stop,9.0,2017-08-16 20:30:32,20:27:16,20:27:16,20:30:32,0 days 00:03:16.000000000,4
2017-08-17 10:21:12,0,M100,1 AV/125 ST,40.801968,-73.93135799999999,INWOOD 220 ST via AMSTERDAM via BWAY,40.871902,-73.913101,NYCT_4404,40.810334000000005,-73.951553,W 125 ST/FRED DOUGLASS BL,at stop,7.0,2017-08-17 10:21:30,10:23:26,10:23:26,10:21:30,-1 days +23:58:04.000000000,-1
2017-08-17 11:01:33,0,M100,1 AV/125 ST,40.801968,-73.93135799999999,INWOOD 220 ST via AMSTERDAM via BWAY,40.871902,-73.913101,NYCT_4396,40.810334000000005,-73.951553,W 125 ST/FRED DOUGLASS BL,at stop,7.0,2017-08-17 11:01:37,11:03:26,11:03:26,11:01:37,-1 days +23:58:11.000000000,-1
2017-08-17 11:31:01,0,M100,1 AV/125 ST,40.801968,-73.93135799999999,INWOOD 220 ST via AMSTERDAM via BWAY,40.871902,-73.913101,NYCT_8398,40.810359000000005,-73.951612,W 125 ST/FRED DOUGLASS BL,at stop,1.0,2017-08-17 11:31:07,11:33:26,11:33:26,11:31:07,-1 days +23:57:41.000000000,-2
2017-08-17 13:21:23,0,M100,1 AV/125 ST,40.801968,-73.93135799999999,INWOOD 220 ST via AMSTERDAM via BWAY,40.871902,-73.913101,NYCT_4336,40.810359000000005,-73.951614,W 125 ST/FRED DOUGLASS BL,at stop,1.0,2017-08-17 13:21:45,13:22:01,13:22:01,13:21:45,-1 days +23:59:44.000000000,0
2017-08-17 18:51:13,0,M100,1 AV/125 ST,40.801968,-73.93135799999999,INWOOD 220 ST via AMSTERDAM via BWAY,40.871902,-73.913101,NYCT_5653,40.810318,-73.951514,W 125 ST/FRED DOUGLASS BL,at stop,11.0,2017-08-17 18:51:37,18:50:26,18:50:26,18:51:37,0 days 00:01:11.000000000,2
2017-08-17 19:11:29,0,M100,1 AV/125 ST,40.801968,-73.93135799999999,INWOOD 220 ST via AMSTERDAM via BWAY,40.871902,-73.913101,NYCT_8387,40.810342,-73.951573,W 125 ST/FRED DOUGLASS BL,at stop,5.0,2017-08-17 19:11:37,19:10:26,19:10:26,19:11:37,0 days 00:01:11.000000000,2
2017-08-17 20:01:48,0,M100,1 AV/125 ST,40.801968,-73.93135799999999,INWOOD 220 ST via AMSTERDAM via BWAY,40.871902,-73.913101,NYCT_4383,40.810357,-73.95160899999999,W 125 ST/FRED DOUGLASS BL,at stop,2.0,2017-08-17 20:02:13,19:58:04,19:58:04,20:02:13,0 days 00:04:09.000000000,5
2017-08-18 14:43:36,0,M100,1 AV/125 ST,40.801968,-73.93135799999999,INWOOD 220 ST via AMSTERDAM via BWAY,40.871902,-73.913101,NYCT_4367,40.81031,-73.951494,W 125 ST/FRED DOUGLASS BL,at stop,13.0,2017-08-18 14:43:43,14:43:49,14:43:49,14:43:43,-1 days +23:59:54.000000000,0
2017-08-18 15:43:26,0,M100,1 AV/125 ST,40.801968,-73.93135799999999,INWOOD 220 ST via AMSTERDAM via BWAY,40.871902,-73.913101,NYCT_8363,40.810302,-73.951476,W 125 ST/FRED DOUGLASS BL,at stop,14.0,2017-08-18 15:43:42,15:33:49,15:33:49,15:43:42,0 days 00:09:53.000000000,10
2017-08-19 10:54:42,0,M100,1 AV/125 ST,40.801968,-73.93135799999999,INWOOD 220 ST via AMSTERDAM via BWAY,40.871902,-73.913101,NYCT_4384,40.810282,-73.951428,W 125 ST/FRED DOUGLASS BL,at stop,19.0,2017-08-19 10:55:03,10:56:04,10:56:04,10:55:03,-1 days +23:58:59.000000000,-1
2017-08-19 17:55:00,0,M100,1 AV/125 ST,40.801968,-73.93135799999999,INWOOD 220 ST via AMSTERDAM via BWAY,40.871902,-73.913101,NYCT_4403,40.810358,-73.951611,W 125 ST/FRED DOUGLASS BL,at stop,1.0,2017-08-19 17:55:05,17:55:39,17:55:39,17:55:05,-1 days +23:59:26.000000000,0
2017-08-19 18:35:06,0,M100,1 AV/125 ST,40.801968,-73.93135799999999,INWOOD 220 ST via AMSTERDAM via BWAY,40.871902,-73.913101,NYCT_8364,40.810289000000004,-73.951444,W 125 ST/FRED DOUGLASS BL,at stop,17.0,2017-08-19 18:35:20,18:33:14,18:33:14,18:35:20,0 days 00:02:06.000000000,3
2017-08-20 11:26:19,0,M100,1 AV/125 ST,40.801968,-73.93135799999999,INWOOD 220 ST via AMSTERDAM via BWAY,40.871902,-73.913101,NYCT_4392,40.810357,-73.951608,W 125 ST/FRED DOUGLASS BL,at stop,2.0,2017-08-20 11:26:36,11:24:16,11:24:16,11:26:36,0 days 00:02:20.000000000,3
2017-08-21 16:58:56,0,M100,1 AV/125 ST,40.801968,-73.93135799999999,INWOOD 220 ST via AMSTERDAM via BWAY,40.871902,-73.913101,NYCT_4401,40.810338,-73.95156300000001,W 125 ST/FRED DOUGLASS BL,at stop,6.0,2017-08-21 16:59:03,17:01:49,17:01:49,16:59:03,-1 days +23:57:14.000000000,-2
2017-08-21 17:07:44,0,M100,1 AV/125 ST,40.801968,-73.93135799999999,INWOOD 220 ST via AMSTERDAM via BWAY,40.871902,-73.913101,NYCT_4351,40.810359999999996,-73.951614,W 125 ST/FRED DOUGLASS BL,at stop,1.0,2017-08-21 17:08:16,17:10:49,17:10:49,17:08:16,-1 days +23:57:27.000000000,-2
2017-08-22 13:39:58,0,M100,1 AV/125 ST,40.801968,-73.93135799999999,INWOOD 220 ST via AMSTERDAM via BWAY,40.871902,-73.913101,NYCT_4349,40.810328999999996,-73.951542,W 125 ST/FRED DOUGLASS BL,at stop,8.0,2017-08-22 13:40:02,13:28:01,13:28:01,13:40:02,0 days 00:12:01.000000000,13
2017-08-22 18:50:32,0,M100,1 AV/125 ST,40.801968,-73.93135799999999,INWOOD 220 ST via AMSTERDAM via BWAY,40.871902,-73.913101,NYCT_8387,40.810359000000005,-73.951612,W 125 ST/FRED DOUGLASS BL,at stop,1.0,2017-08-22 18:50:33,18:50:26,18:50:26,18:50:33,0 days 00:00:07.000000000,1
2017-08-23 11:21:54,0,M100,1 AV/125 ST,40.801968,-73.93135799999999,INWOOD 220 ST via AMSTERDAM via BWAY,40.871902,-73.913101,NYCT_4336,40.81035,-73.951592,W 125 ST/FRED DOUGLASS BL,at stop,3.0,2017-08-23 11:22:13,11:13:26,11:13:26,11:22:13,0 days 00:08:47.000000000,9
2017-08-23 11:42:10,0,M100,1 AV/125 ST,40.801968,-73.93135799999999,INWOOD 220 ST via AMSTERDAM via BWAY,40.871902,-73.913101,NYCT_8379,40.810359000000005,-73.951612,W 125 ST/FRED DOUGLASS BL,at stop,1.0,2017-08-23 11:42:14,11:43:26,11:43:26,11:42:14,-1 days +23:58:48.000000000,-1
2017-08-23 12:12:01,0,M100,1 AV/125 ST,40.801968,-73.93135799999999,INWOOD 220 ST via AMSTERDAM via BWAY,40.871902,-73.913101,NYCT_4371,40.810311999999996,-73.9515,W 125 ST/FRED DOUGLASS BL,at stop,12.0,2017-08-23 12:12:16,12:14:14,12:14:14,12:12:16,-1 days +23:58:02.000000000,-1
2017-08-23 13:02:02,0,M100,1 AV/125 ST,40.801968,-73.93135799999999,INWOOD 220 ST via AMSTERDAM via BWAY,40.871902,-73.913101,NYCT_1202,40.810322,-73.95152399999999,W 125 ST/FRED DOUGLASS BL,at stop,10.0,2017-08-23 13:02:20,12:54:01,12:54:01,13:02:20,0 days 00:08:19.000000000,9
2017-08-24 10:13:36,0,M100,1 AV/125 ST,40.801968,-73.93135799999999,INWOOD 220 ST via AMSTERDAM via BWAY,40.871902,-73.913101,NYCT_8392,40.810245,-73.951337,W 125 ST/FRED DOUGLASS BL,at stop,28.0,2017-08-24 10:13:52,10:13:26,10:13:26,10:13:52,0 days 00:00:26.000000000,1
2017-08-24 12:13:43,0,M100,1 AV/125 ST,40.801968,-73.93135799999999,INWOOD 220 ST via AMSTERDAM via BWAY,40.871902,-73.913101,NYCT_4370,40.810367,-73.95163199999999,W 125 ST/FRED DOUGLASS BL,at stop,0.0,2017-08-24 12:13:59,12:14:14,12:14:14,12:13:59,-1 days +23:59:45.000000000,0
2017-08-24 14:53:37,0,M100,1 AV/125 ST,40.801968,-73.93135799999999,INWOOD 220 ST via AMSTERDAM via BWAY,40.871902,-73.913101,NYCT_4352,40.81031,-73.951494,W 125 ST/FRED DOUGLASS BL,at stop,13.0,2017-08-24 14:53:44,14:51:49,14:51:49,14:53:44,0 days 00:01:55.000000000,2
2017-08-24 15:14:06,0,M100,1 AV/125 ST,40.801968,-73.93135799999999,INWOOD 220 ST via AMSTERDAM via BWAY,40.871902,-73.913101,NYCT_4345,40.810324,-73.951528,W 125 ST/FRED DOUGLASS BL,at stop,9.0,2017-08-24 15:14:13,15:15:49,15:15:49,15:14:13,-1 days +23:58:24.000000000,-1
2017-08-24 16:43:49,0,M100,1 AV/125 ST,40.801968,-73.93135799999999,INWOOD 220 ST via AMSTERDAM via BWAY,40.871902,-73.913101,NYCT_8392,40.810266999999996,-73.95139,W 125 ST/FRED DOUGLASS BL,at stop,23.0,2017-08-24 16:44:31,16:37:49,16:37:49,16:44:31,0 days 00:06:42.000000000,7
2017-08-24 17:44:03,0,M100,1 AV/125 ST,40.801968,-73.93135799999999,INWOOD 220 ST via AMSTERDAM via BWAY,40.871902,-73.913101,NYCT_4358,40.810352,-73.95159699999999,W 125 ST/FRED DOUGLASS BL,at stop,3.0,2017-08-24 17:44:24,17:43:49,17:43:49,17:44:24,0 days 00:00:35.000000000,1
2017-08-24 19:03:37,0,M100,1 AV/125 ST,40.801968,-73.93135799999999,INWOOD 220 ST via AMSTERDAM via BWAY,40.871902,-73.913101,NYCT_4753,40.810326,-73.951533,W 125 ST/FRED DOUGLASS BL,at stop,9.0,2017-08-24 19:04:03,19:00:26,19:00:26,19:04:03,0 days 00:03:37.000000000,4
2017-08-25 09:05:22,0,M100,1 AV/125 ST,40.801968,-73.93135799999999,INWOOD 220 ST via AMSTERDAM via BWAY,40.871902,-73.913101,NYCT_4349,40.810237,-73.951317,W 125 ST/FRED DOUGLASS BL,at stop,30.0,2017-08-25 09:05:36,09:00:26,09:00:26,09:05:36,0 days 00:05:10.000000000,6
2017-08-26 17:57:08,0,M100,1 AV/125 ST,40.801968,-73.93135799999999,INWOOD 220 ST via AMSTERDAM via BWAY,40.871902,-73.913101,NYCT_4224,40.810272999999995,-73.951406,W 125 ST/FRED DOUGLASS BL,at stop,21.0,2017-08-26 17:57:19,17:55:39,17:55:39,17:57:19,0 days 00:01:40.000000000,2
2017-08-27 14:18:22,0,M100,1 AV/125 ST,40.801968,-73.93135799999999,INWOOD 220 ST via AMSTERDAM via BWAY,40.871902,-73.913101,NYCT_4352,40.810358,-73.95161,W 125 ST/FRED DOUGLASS BL,at stop,2.0,2017-08-27 14:18:35,14:16:51,14:16:51,14:18:35,0 days 00:01:44.000000000,2
2017-08-27 16:28:50,0,M100,1 AV/125 ST,40.801968,-73.93135799999999,INWOOD 220 ST via AMSTERDAM via BWAY,40.871902,-73.913101,NYCT_8393,40.810358,-73.95161,W 125 ST/FRED DOUGLASS BL,at stop,2.0,2017-08-27 16:29:08,16:10:51,16:10:51,16:29:08,0 days 00:18:17.000000000,19
2017-08-27 18:09:15,0,M100,1 AV/125 ST,40.801968,-73.93135799999999,INWOOD 220 ST via AMSTERDAM via BWAY,40.871902,-73.913101,NYCT_4224,40.810340000000004,-73.951567,W 125 ST/FRED DOUGLASS BL,at stop,6.0,2017-08-27 18:09:31,18:10:51,18:10:51,18:09:31,-1 days +23:58:40.000000000,-1
2017-08-28 09:50:24,0,M100,1 AV/125 ST,40.801968,-73.93135799999999,INWOOD 220 ST via AMSTERDAM via BWAY,40.871902,-73.913101,NYCT_4371,40.810261,-73.951376,W 125 ST/FRED DOUGLASS BL,at stop,24.0,2017-08-28 09:50:35,09:41:26,09:41:26,09:50:35,0 days 00:09:09.000000000,10
2017-08-28 14:30:48,0,M100,1 AV/125 ST,40.801968,-73.93135799999999,INWOOD 220 ST via AMSTERDAM via BWAY,40.871902,-73.913101,NYCT_4349,40.810359999999996,-73.951614,W 125 ST/FRED DOUGLASS BL,at stop,1.0,2017-08-28 14:30:56,14:35:49,14:35:49,14:30:56,-1 days +23:55:07.000000000,-4
2017-08-29 05:41:13,0,M100,1 AV/125 ST,40.801968,-73.93135799999999,INWOOD 220 ST via AMSTERDAM via BWAY,40.871902,-73.913101,NYCT_4397,40.810325,-73.951532,W 125 ST/FRED DOUGLASS BL,at stop,9.0,2017-08-29 05:41:33,05:40:43,05:40:43,05:41:33,0 days 00:00:50.000000000,1
2017-08-29 05:41:13,0,M100,1 AV/125 ST,40.801968,-73.93135799999999,INWOOD 220 ST via AMSTERDAM via BWAY,40.871902,-73.913101,NYCT_4397,40.810325,-73.951532,W 125 ST/FRED DOUGLASS BL,at stop,9.0,2017-08-29 05:41:33,05:42:18,05:42:18,05:41:33,-1 days +23:59:15.000000000,0
