RecordedAtTime,DirectionRef,PublishedLineName,OriginName,OriginLat,OriginLong,DestinationName,DestinationLat,DestinationLong,VehicleRef,VehicleLocation.Latitude,VehicleLocation.Longitude,NextStopPointName,ArrivalProximityText,DistanceFromStop,ExpectedArrivalTime,ScheduledArrivalTime,time_diff,time_diff_mins
2017-06-01 08:54:05,0.0,M100,1 AV/125 ST,40.801968,-73.93135799999999,INWOOD 220 ST via AMSTERDAM via BWAY,40.871902,-73.913101,NYCT_8379,40.810947999999996,-73.953024,W 125 ST/ST NICHOLAS AV,at stop,1.0,2017-06-01 08:54:33,08:54:39,,0
2017-06-02 07:15:59,0.0,M100,1 AV/125 ST,40.801968,-73.93135799999999,INWOOD 220 ST via AMSTERDAM via BWAY,40.871902,-73.913101,NYCT_4345,40.81093,-73.95298199999999,W 125 ST/ST NICHOLAS AV,at stop,5.0,2017-06-02 07:16:06,07:18:48,0 days 22:21:33.000000000,1342
2017-06-02 11:06:12,0.0,M100,1 AV/125 ST,40.801968,-73.93135799999999,INWOOD 220 ST via AMSTERDAM via BWAY,40.871902,-73.913101,NYCT_4330,40.810947999999996,-73.953024,W 125 ST/ST NICHOLAS AV,at stop,1.0,2017-06-02 11:06:23,10:44:39,0 days 03:50:17.000000000,231
2017-06-02 11:35:47,0.0,M100,1 AV/125 ST,40.801968,-73.93135799999999,INWOOD 220 ST via AMSTERDAM via BWAY,40.871902,-73.913101,NYCT_8397,40.810915,-73.952947,W 125 ST/ST NICHOLAS AV,at stop,9.0,2017-06-02 11:35:54,11:34:39,0 days 00:29:31.000000000,30
2017-06-02 17:55:44,0.0,M100,1 AV/125 ST,40.801968,-73.93135799999999,INWOOD 220 ST via AMSTERDAM via BWAY,40.871902,-73.913101,NYCT_8385,40.810860999999996,-73.95281800000001,W 125 ST/ST NICHOLAS AV,at stop,21.0,2017-06-02 17:55:59,18:05:29,0 days 06:20:05.000000000,381
2017-06-02 22:46:28,0.0,M100,1 AV/125 ST,40.801968,-73.93135799999999,INWOOD 220 ST via AMSTERDAM via BWAY,40.871902,-73.913101,NYCT_4382,40.810956,-73.95304300000001,W 125 ST/ST NICHOLAS AV,at stop,0.0,2017-06-02 22:46:45,22:46:52,0 days 04:50:46.000000000,291
2017-06-03 16:58:03,0.0,M100,1 AV/125 ST,40.801968,-73.93135799999999,INWOOD 220 ST via AMSTERDAM via BWAY,40.871902,-73.913101,NYCT_4330,40.81087,-73.952839,W 125 ST/ST NICHOLAS AV,at stop,19.0,2017-06-03 16:58:26,16:48:48,0 days 18:11:41.000000000,1092
2017-06-04 11:28:45,0.0,M100,1 AV/125 ST,40.801968,-73.93135799999999,INWOOD 220 ST via AMSTERDAM via BWAY,40.871902,-73.913101,NYCT_8365,40.810845,-73.952781,W 125 ST/ST NICHOLAS AV,at stop,25.0,2017-06-04 11:29:00,11:25:15,0 days 18:30:34.000000000,1111
2017-06-04 19:09:16,0.0,M100,1 AV/125 ST,40.801968,-73.93135799999999,INWOOD 220 ST via AMSTERDAM via BWAY,40.871902,-73.913101,NYCT_4380,40.810946,-73.953019,W 125 ST/ST NICHOLAS AV,at stop,2.0,2017-06-04 19:09:26,19:10:15,0 days 07:40:26.000000000,461
2017-06-04 21:49:35,0.0,M100,1 AV/125 ST,40.801968,-73.93135799999999,INWOOD 220 ST via AMSTERDAM via BWAY,40.871902,-73.913101,NYCT_8381,40.810922,-73.952964,W 125 ST/ST NICHOLAS AV,at stop,7.0,2017-06-04 21:49:39,21:53:34,0 days 02:40:13.000000000,161
2017-06-05 16:30:40,0.0,M100,1 AV/125 ST,40.801968,-73.93135799999999,INWOOD 220 ST via AMSTERDAM via BWAY,40.871902,-73.913101,NYCT_4358,40.810883000000004,-73.952872,W 125 ST/ST NICHOLAS AV,at stop,16.0,2017-06-05 16:30:54,16:31:11,0 days 18:41:15.000000000,1122
2017-06-05 18:12:16,0.0,M100,1 AV/125 ST,40.801968,-73.93135799999999,INWOOD 220 ST via AMSTERDAM via BWAY,40.871902,-73.913101,NYCT_4357,40.810908000000005,-73.952931,W 125 ST/ST NICHOLAS AV,at stop,10.0,2017-06-05 18:12:23,18:13:29,0 days 01:41:29.000000000,102
2017-06-05 20:02:22,0.0,M100,1 AV/125 ST,40.801968,-73.93135799999999,INWOOD 220 ST via AMSTERDAM via BWAY,40.871902,-73.913101,NYCT_8376,40.810889,-73.952884,W 125 ST/ST NICHOLAS AV,at stop,15.0,2017-06-05 20:02:30,19:59:06,0 days 01:50:07.000000000,111
2017-06-05 23:31:52,0.0,M100,1 AV/125 ST,40.801968,-73.93135799999999,INWOOD 220 ST via AMSTERDAM via BWAY,40.871902,-73.913101,NYCT_8387,40.810891,-73.95289,W 125 ST/ST NICHOLAS AV,at stop,14.0,2017-06-05 23:32:01,23:31:52,0 days 03:29:31.000000000,210
2017-06-06 09:42:26,0.0,M100,1 AV/125 ST,40.801968,-73.93135799999999,INWOOD 220 ST via AMSTERDAM via BWAY,40.871902,-73.913101,NYCT_8392,40.810947999999996,-73.953024,W 125 ST/ST NICHOLAS AV,at stop,1.0,2017-06-06 09:43:18,09:42:39,0 days 10:11:17.000000000,612
2017-06-06 11:03:10,0.0,M100,1 AV/125 ST,40.801968,-73.93135799999999,INWOOD 220 ST via AMSTERDAM via BWAY,40.871902,-73.913101,NYCT_4379,40.810922999999995,-73.952966,W 125 ST/ST NICHOLAS AV,at stop,7.0,2017-06-06 11:03:23,11:04:39,0 days 01:20:05.000000000,81
2017-06-06 16:03:24,0.0,M100,1 AV/125 ST,40.801968,-73.93135799999999,INWOOD 220 ST via AMSTERDAM via BWAY,40.871902,-73.913101,NYCT_8392,40.810949,-73.953026,W 125 ST/ST NICHOLAS AV,at stop,1.0,2017-06-06 16:03:45,16:07:11,0 days 05:00:22.000000000,301
2017-06-07 01:13:50,0.0,M100,1 AV/125 ST,40.801968,-73.93135799999999,INWOOD 220 ST via AMSTERDAM via BWAY,40.871902,-73.913101,NYCT_4359,40.81091,-73.952935,W 125 ST/ST NICHOLAS AV,at stop,10.0,2017-06-07 01:14:22,25:15:10,0 days 09:10:37.000000000,551
2017-06-07 16:25:07,0.0,M100,1 AV/125 ST,40.801968,-73.93135799999999,INWOOD 220 ST via AMSTERDAM via BWAY,40.871902,-73.913101,NYCT_4335,40.810956,-73.95304300000001,W 125 ST/ST NICHOLAS AV,at stop,0.0,,16:23:11,,0
2017-06-07 19:14:31,0.0,M100,1 AV/125 ST,40.801968,-73.93135799999999,INWOOD 220 ST via AMSTERDAM via BWAY,40.871902,-73.913101,NYCT_4350,40.810825,-73.952735,W 125 ST/ST NICHOLAS AV,at stop,29.0,2017-06-07 19:15:40,19:11:39,,0
2017-06-08 09:56:35,0.0,M100,1 AV/125 ST,40.801968,-73.93135799999999,INWOOD 220 ST via AMSTERDAM via BWAY,40.871902,-73.913101,NYCT_8365,40.810899,-73.952908,W 125 ST/ST NICHOLAS AV,at stop,13.0,2017-06-08 09:56:43,09:54:39,0 days 14:41:03.000000000,882
2017-06-09 09:17:59,0.0,M100,1 AV/125 ST,40.801968,-73.93135799999999,INWOOD 220 ST via AMSTERDAM via BWAY,40.871902,-73.913101,NYCT_4340,40.810883000000004,-73.95286999999999,W 125 ST/ST NICHOLAS AV,at stop,16.0,2017-06-09 09:18:17,09:16:39,0 days 23:21:34.000000000,1402
2017-06-09 15:07:37,0.0,M100,1 AV/125 ST,40.801968,-73.93135799999999,INWOOD 220 ST via AMSTERDAM via BWAY,40.871902,-73.913101,NYCT_4398,40.810898,-73.952906,W 125 ST/ST NICHOLAS AV,at stop,13.0,2017-06-09 15:07:55,15:08:11,0 days 05:49:38.000000000,350
2017-06-09 15:38:24,0.0,M100,1 AV/125 ST,40.801968,-73.93135799999999,INWOOD 220 ST via AMSTERDAM via BWAY,40.871902,-73.913101,NYCT_4342,40.810949,-73.953026,W 125 ST/ST NICHOLAS AV,at stop,1.0,2017-06-09 15:38:42,15:26:11,0 days 00:30:47.000000000,31
2017-06-09 18:28:32,0.0,M100,1 AV/125 ST,40.801968,-73.93135799999999,INWOOD 220 ST via AMSTERDAM via BWAY,40.871902,-73.913101,NYCT_4398,40.810932,-73.952987,W 125 ST/ST NICHOLAS AV,at stop,5.0,2017-06-09 18:28:55,18:28:29,0 days 02:50:13.000000000,171
2017-06-09 20:48:14,0.0,M100,1 AV/125 ST,40.801968,-73.93135799999999,INWOOD 220 ST via AMSTERDAM via BWAY,40.871902,-73.913101,NYCT_8394,40.810956,-73.95304300000001,W 125 ST/ST NICHOLAS AV,at stop,0.0,,20:48:15,,0
2017-06-10 07:19:19,0.0,M100,1 AV/125 ST,40.801968,-73.93135799999999,INWOOD 220 ST via AMSTERDAM via BWAY,40.871902,-73.913101,NYCT_8385,40.810852000000004,-73.952799,W 125 ST/ST NICHOLAS AV,at stop,23.0,2017-06-10 07:19:27,07:18:52,,0
2017-06-10 10:39:45,0.0,M100,1 AV/125 ST,40.801968,-73.93135799999999,INWOOD 220 ST via AMSTERDAM via BWAY,40.871902,-73.913101,NYCT_4353,40.810908000000005,-73.95293000000001,W 125 ST/ST NICHOLAS AV,at stop,10.0,2017-06-10 10:39:55,10:33:06,0 days 03:20:28.000000000,201
2017-06-10 11:19:38,0.0,M100,1 AV/125 ST,40.801968,-73.93135799999999,INWOOD 220 ST via AMSTERDAM via BWAY,40.871902,-73.913101,NYCT_8390,40.810937,-73.952998,W 125 ST/ST NICHOLAS AV,at stop,4.0,2017-06-10 11:19:57,11:21:06,0 days 00:40:02.000000000,41
2017-06-11 21:01:56,0.0,M100,1 AV/125 ST,40.801968,-73.93135799999999,INWOOD 220 ST via AMSTERDAM via BWAY,40.871902,-73.913101,NYCT_5570,40.810945000000004,-73.953017,W 125 ST/ST NICHOLAS AV,at stop,2.0,2017-06-11 21:02:07,20:44:34,1 days 09:42:10.000000000,2023
2017-06-12 10:32:53,0.0,M100,1 AV/125 ST,40.801968,-73.93135799999999,INWOOD 220 ST via AMSTERDAM via BWAY,40.871902,-73.913101,NYCT_4223,40.810883000000004,-73.95286999999999,W 125 ST/ST NICHOLAS AV,at stop,16.0,2017-06-12 10:33:04,10:34:39,0 days 13:30:57.000000000,811
2017-06-13 14:34:51,0.0,M100,1 AV/125 ST,40.801968,-73.93135799999999,INWOOD 220 ST via AMSTERDAM via BWAY,40.871902,-73.913101,NYCT_4373,40.810905,-73.952923,W 125 ST/ST NICHOLAS AV,at stop,11.0,2017-06-13 14:34:58,14:37:11,1 days 04:01:54.000000000,1682
2017-06-13 18:35:01,0.0,M100,1 AV/125 ST,40.801968,-73.93135799999999,INWOOD 220 ST via AMSTERDAM via BWAY,40.871902,-73.913101,NYCT_4136,40.810924,-73.952968,W 125 ST/ST NICHOLAS AV,at stop,7.0,2017-06-13 18:35:10,18:28:29,0 days 04:00:12.000000000,241
2017-06-13 21:15:03,0.0,M100,1 AV/125 ST,40.801968,-73.93135799999999,INWOOD 220 ST via AMSTERDAM via BWAY,40.871902,-73.913101,NYCT_4136,40.810945000000004,-73.953017,W 125 ST/ST NICHOLAS AV,at stop,2.0,2017-06-13 21:15:21,21:13:34,0 days 02:40:11.000000000,161
2017-06-14 08:35:47,0.0,M100,1 AV/125 ST,40.801968,-73.93135799999999,INWOOD 220 ST via AMSTERDAM via BWAY,40.871902,-73.913101,NYCT_4375,40.810913,-73.95294100000001,W 125 ST/ST NICHOLAS AV,at stop,9.0,2017-06-14 08:36:08,08:30:48,0 days 11:20:47.000000000,681
2017-06-14 09:34:55,0.0,M100,1 AV/125 ST,40.801968,-73.93135799999999,INWOOD 220 ST via AMSTERDAM via BWAY,40.871902,-73.913101,NYCT_4386,40.810947999999996,-73.953024,W 125 ST/ST NICHOLAS AV,at stop,1.0,,09:30:39,,0
2017-06-14 15:15:33,0.0,M100,1 AV/125 ST,40.801968,-73.93135799999999,INWOOD 220 ST via AMSTERDAM via BWAY,40.871902,-73.913101,NYCT_4348,40.810942,-73.953009,W 125 ST/ST NICHOLAS AV,at stop,3.0,2017-06-14 15:16:09,15:00:11,,0
2017-06-15 07:17:18,0.0,M100,1 AV/125 ST,40.801968,-73.93135799999999,INWOOD 220 ST via AMSTERDAM via BWAY,40.871902,-73.913101,NYCT_4357,40.810913,-73.95294100000001,W 125 ST/ST NICHOLAS AV,at stop,9.0,,07:18:48,,0
2017-06-15 08:47:37,0.0,M100,1 AV/125 ST,40.801968,-73.93135799999999,INWOOD 220 ST via AMSTERDAM via BWAY,40.871902,-73.913101,NYCT_8387,40.81087,-73.952839,W 125 ST/ST NICHOLAS AV,at stop,19.0,2017-06-15 08:47:50,08:45:48,,0
2017-06-15 09:07:03,0.0,M100,1 AV/125 ST,40.801968,-73.93135799999999,INWOOD 220 ST via AMSTERDAM via BWAY,40.871902,-73.913101,NYCT_4340,40.810891,-73.952889,W 125 ST/ST NICHOLAS AV,at stop,14.0,2017-06-15 09:07:26,09:09:39,0 days 00:19:36.000000000,20
2017-06-15 09:47:38,0.0,M100,1 AV/125 ST,40.801968,-73.93135799999999,INWOOD 220 ST via AMSTERDAM via BWAY,40.871902,-73.913101,NYCT_8376,40.810932,-73.952985,W 125 ST/ST NICHOLAS AV,at stop,5.0,2017-06-15 09:47:52,09:48:39,0 days 00:40:26.000000000,41
2017-06-16 07:28:15,0.0,M100,1 AV/125 ST,40.801968,-73.93135799999999,INWOOD 220 ST via AMSTERDAM via BWAY,40.871902,-73.913101,NYCT_8397,40.810956,-73.95304300000001,W 125 ST/ST NICHOLAS AV,at stop,0.0,2017-06-16 07:28:18,07:28:48,0 days 21:40:26.000000000,1301
2017-06-16 13:28:57,0.0,M100,1 AV/125 ST,40.801968,-73.93135799999999,INWOOD 220 ST via AMSTERDAM via BWAY,40.871902,-73.913101,NYCT_4421,40.810918,-73.952954,W 125 ST/ST NICHOLAS AV,at stop,8.0,2017-06-16 13:29:09,13:29:20,0 days 06:00:51.000000000,361
2017-06-16 14:59:18,0.0,M100,1 AV/125 ST,40.801968,-73.93135799999999,INWOOD 220 ST via AMSTERDAM via BWAY,40.871902,-73.913101,NYCT_4403,40.810862,-73.95281999999999,W 125 ST/ST NICHOLAS AV,at stop,21.0,,14:53:11,,0
2017-06-16 20:29:12,0.0,M100,1 AV/125 ST,40.801968,-73.93135799999999,INWOOD 220 ST via AMSTERDAM via BWAY,40.871902,-73.913101,NYCT_4396,40.810936,-73.952996,W 125 ST/ST NICHOLAS AV,at stop,4.0,2017-06-16 20:29:33,20:28:15,,0
2017-06-17 08:20:44,0.0,M100,1 AV/125 ST,40.801968,-73.93135799999999,INWOOD 220 ST via AMSTERDAM via BWAY,40.871902,-73.913101,NYCT_4363,40.810903,-73.95291800000001,W 125 ST/ST NICHOLAS AV,at stop,12.0,2017-06-17 08:21:04,08:16:24,0 days 11:51:31.000000000,712
2017-06-18 15:22:44,0.0,M100,1 AV/125 ST,40.801968,-73.93135799999999,INWOOD 220 ST via AMSTERDAM via BWAY,40.871902,-73.913101,NYCT_8385,40.810956,-73.95304300000001,W 125 ST/ST NICHOLAS AV,at stop,0.0,,15:17:57,,0
2017-06-18 21:22:34,0.0,M100,1 AV/125 ST,40.801968,-73.93135799999999,INWOOD 220 ST via AMSTERDAM via BWAY,40.871902,-73.913101,NYCT_4390,40.810866,-73.952831,W 125 ST/ST NICHOLAS AV,at stop,20.0,2017-06-18 21:23:05,21:23:34,,0
2017-06-19 07:43:29,0.0,M100,1 AV/125 ST,40.801968,-73.93135799999999,INWOOD 220 ST via AMSTERDAM via BWAY,40.871902,-73.913101,NYCT_4347,40.810896,-73.952901,W 125 ST/ST NICHOLAS AV,at stop,13.0,2017-06-19 07:43:45,07:43:48,0 days 10:20:40.000000000,621
2017-06-19 07:53:58,0.0,M100,1 AV/125 ST,40.801968,-73.93135799999999,INWOOD 220 ST via AMSTERDAM via BWAY,40.871902,-73.913101,NYCT_4385,40.810896,-73.952901,W 125 ST/ST NICHOLAS AV,at stop,13.0,2017-06-19 07:54:19,07:50:48,0 days 00:10:34.000000000,11
2017-06-19 07:53:58,0.0,M100,1 AV/125 ST,40.801968,-73.93135799999999,INWOOD 220 ST via AMSTERDAM via BWAY,40.871902,-73.913101,NYCT_4385,40.810896,-73.952901,W 125 ST/ST NICHOLAS AV,at stop,13.0,2017-06-19 07:54:19,07:51:39,0 days 00:00:00.000000000,0
2017-06-19 08:13:23,0.0,M100,1 AV/125 ST,40.801968,-73.93135799999999,INWOOD 220 ST via AMSTERDAM via BWAY,40.871902,-73.913101,NYCT_4100,40.810896,-73.952901,W 125 ST/ST NICHOLAS AV,at stop,13.0,2017-06-19 08:13:32,08:15:48,0 days 00:19:13.000000000,20
2017-06-19 08:13:23,0.0,M100,1 AV/125 ST,40.801968,-73.93135799999999,INWOOD 220 ST via AMSTERDAM via BWAY,40.871902,-73.913101,NYCT_4100,40.810896,-73.952901,W 125 ST/ST NICHOLAS AV,at stop,13.0,2017-06-19 08:13:32,08:16:39,0 days 00:00:00.000000000,0
2017-06-19 09:34:22,0.0,M100,1 AV/125 ST,40.801968,-73.93135799999999,INWOOD 220 ST via AMSTERDAM via BWAY,40.871902,-73.913101,NYCT_4379,40.810932,-73.952985,W 125 ST/ST NICHOLAS AV,at stop,5.0,2017-06-19 09:34:26,09:36:39,0 days 01:20:54.000000000,81
2017-06-19 12:24:22,0.0,M100,1 AV/125 ST,40.801968,-73.93135799999999,INWOOD 220 ST via AMSTERDAM via BWAY,40.871902,-73.913101,NYCT_8371,40.810908000000005,-73.952931,W 125 ST/ST NICHOLAS AV,at stop,10.0,2017-06-19 12:24:35,12:25:29,0 days 02:50:09.000000000,171
2017-06-19 14:33:28,0.0,M100,1 AV/125 ST,40.801968,-73.93135799999999,INWOOD 220 ST via AMSTERDAM via BWAY,40.871902,-73.913101,NYCT_8392,40.810934,-73.95299200000001,W 125 ST/ST NICHOLAS AV,at stop,4.0,2017-06-19 14:33:55,14:28:11,0 days 02:09:20.000000000,130
2017-06-19 15:44:38,0.0,M100,1 AV/125 ST,40.801968,-73.93135799999999,INWOOD 220 ST via AMSTERDAM via BWAY,40.871902,-73.913101,NYCT_8371,40.810854,-73.952803,W 125 ST/ST NICHOLAS AV,at stop,23.0,2017-06-19 15:44:52,15:43:11,0 days 01:10:57.000000000,71
2017-06-20 08:05:36,0.0,M100,1 AV/125 ST,40.801968,-73.93135799999999,INWOOD 220 ST via AMSTERDAM via BWAY,40.871902,-73.913101,NYCT_8369,40.810956,-73.95304300000001,W 125 ST/ST NICHOLAS AV,at stop,0.0,2017-06-20 08:05:39,08:06:48,0 days 16:20:47.000000000,981
2017-06-20 09:14:25,0.0,M100,1 AV/125 ST,40.801968,-73.93135799999999,INWOOD 220 ST via AMSTERDAM via BWAY,40.871902,-73.913101,NYCT_8386,40.810874,-73.952851,W 125 ST/ST NICHOLAS AV,at stop,18.0,2017-06-20 09:15:10,09:16:39,0 days 01:09:31.000000000,70
2017-06-21 13:57:28,0.0,M100,1 AV/125 ST,40.801968,-73.93135799999999,INWOOD 220 ST via AMSTERDAM via BWAY,40.871902,-73.913101,NYCT_8371,40.81085,-73.952794,W 125 ST/ST NICHOLAS AV,at stop,24.0,2017-06-21 13:57:43,13:55:20,1 days 04:42:33.000000000,1723
2017-06-21 16:57:27,0.0,M100,1 AV/125 ST,40.801968,-73.93135799999999,INWOOD 220 ST via AMSTERDAM via BWAY,40.871902,-73.913101,NYCT_4364,40.810912,-73.95294,W 125 ST/ST NICHOLAS AV,at stop,9.0,,16:47:11,,0
2017-06-22 08:57:53,0.0,M100,1 AV/125 ST,40.801968,-73.93135799999999,INWOOD 220 ST via AMSTERDAM via BWAY,40.871902,-73.913101,NYCT_4345,40.810956,-73.95304300000001,W 125 ST/ST NICHOLAS AV,at stop,0.0,2017-06-22 08:58:14,09:01:39,,0
2017-06-22 09:18:07,0.0,M100,1 AV/125 ST,40.801968,-73.93135799999999,INWOOD 220 ST via AMSTERDAM via BWAY,40.871902,-73.913101,NYCT_8365,40.81094,-73.953005,W 125 ST/ST NICHOLAS AV,at stop,3.0,2017-06-22 09:18:09,09:16:39,0 days 00:19:55.000000000,20
2017-06-22 21:49:33,0.0,M100,1 AV/125 ST,40.801968,-73.93135799999999,INWOOD 220 ST via AMSTERDAM via BWAY,40.871902,-73.913101,NYCT_8394,40.810945000000004,-73.953017,W 125 ST/ST NICHOLAS AV,at stop,2.0,2017-06-22 21:49:52,21:48:34,0 days 12:31:43.000000000,752
2017-06-23 09:29:50,0.0,M100,1 AV/125 ST,40.801968,-73.93135799999999,INWOOD 220 ST via AMSTERDAM via BWAY,40.871902,-73.913101,NYCT_4348,40.810956,-73.95304300000001,W 125 ST/ST NICHOLAS AV,at stop,0.0,,09:30:39,,0
2017-06-23 09:39:54,0.0,M100,1 AV/125 ST,40.801968,-73.93135799999999,INWOOD 220 ST via AMSTERDAM via BWAY,40.871902,-73.913101,NYCT_4381,40.810907,-73.952928,W 125 ST/ST NICHOLAS AV,at stop,11.0,2017-06-23 09:40:00,09:42:39,,0
2017-06-23 12:39:51,0.0,M100,1 AV/125 ST,40.801968,-73.93135799999999,INWOOD 220 ST via AMSTERDAM via BWAY,40.871902,-73.913101,NYCT_8396,40.810947999999996,-73.953025,W 125 ST/ST NICHOLAS AV,at stop,1.0,,12:35:29,,0
2017-06-23 13:40:53,0.0,M100,1 AV/125 ST,40.801968,-73.93135799999999,INWOOD 220 ST via AMSTERDAM via BWAY,40.871902,-73.913101,NYCT_4361,40.810949,-73.953025,W 125 ST/ST NICHOLAS AV,at stop,1.0,2017-06-23 13:41:00,13:35:20,,0
2017-06-23 15:40:41,0.0,M100,1 AV/125 ST,40.801968,-73.93135799999999,INWOOD 220 ST via AMSTERDAM via BWAY,40.871902,-73.913101,NYCT_4355,40.810833,-73.952752,W 125 ST/ST NICHOLAS AV,at stop,28.0,,15:43:11,,0
2017-06-23 16:50:48,0.0,M100,1 AV/125 ST,40.801968,-73.93135799999999,INWOOD 220 ST via AMSTERDAM via BWAY,40.871902,-73.913101,NYCT_4421,40.810912,-73.95294,W 125 ST/ST NICHOLAS AV,at stop,9.0,,16:47:11,,0
2017-06-24 12:31:37,0.0,M100,1 AV/125 ST,40.801968,-73.93135799999999,INWOOD 220 ST via AMSTERDAM via BWAY,40.871902,-73.913101,NYCT_4400,40.810857,-73.952809,W 125 ST/ST NICHOLAS AV,at stop,22.0,2017-06-24 12:31:48,12:33:57,,0
2017-06-25 06:13:35,0.0,M100,1 AV/125 ST,40.801968,-73.93135799999999,INWOOD 220 ST via AMSTERDAM via BWAY,40.871902,-73.913101,NYCT_4400,40.810839,-73.952768,W 125 ST/ST NICHOLAS AV,at stop,26.0,2017-06-25 06:13:55,06:16:52,0 days 17:42:07.000000000,1063
2017-06-25 11:23:14,0.0,M100,1 AV/125 ST,40.801968,-73.93135799999999,INWOOD 220 ST via AMSTERDAM via BWAY,40.871902,-73.913101,NYCT_8377,40.810946,-73.953019,W 125 ST/ST NICHOLAS AV,at stop,2.0,2017-06-25 11:23:43,11:25:15,0 days 05:09:48.000000000,310
2017-06-25 12:03:28,0.0,M100,1 AV/125 ST,40.801968,-73.93135799999999,INWOOD 220 ST via AMSTERDAM via BWAY,40.871902,-73.913101,NYCT_4136,40.810906,-73.952924,W 125 ST/ST NICHOLAS AV,at stop,11.0,2017-06-25 12:03:51,11:52:15,0 days 00:40:08.000000000,41
2017-06-26 18:35:37,0.0,M100,1 AV/125 ST,40.801968,-73.93135799999999,INWOOD 220 ST via AMSTERDAM via BWAY,40.871902,-73.913101,NYCT_4136,40.810908000000005,-73.952931,W 125 ST/ST NICHOLAS AV,at stop,10.0,2017-06-26 18:35:47,18:35:29,1 days 06:31:56.000000000,1832
2017-06-27 18:27:18,0.0,M100,1 AV/125 ST,40.801968,-73.93135799999999,INWOOD 220 ST via AMSTERDAM via BWAY,40.871902,-73.913101,NYCT_4359,40.810908000000005,-73.952931,W 125 ST/ST NICHOLAS AV,at stop,10.0,2017-06-27 18:27:28,18:20:29,0 days 23:51:41.000000000,1432
2017-06-27 19:47:45,0.0,M100,1 AV/125 ST,40.801968,-73.93135799999999,INWOOD 220 ST via AMSTERDAM via BWAY,40.871902,-73.913101,NYCT_4332,40.810889,-73.952884,W 125 ST/ST NICHOLAS AV,at stop,15.0,,19:49:06,,0
2017-06-28 06:18:54,0.0,M100,1 AV/125 ST,40.801968,-73.93135799999999,INWOOD 220 ST via AMSTERDAM via BWAY,40.871902,-73.913101,NYCT_4376,40.810915,-73.952945,W 125 ST/ST NICHOLAS AV,at stop,9.0,2017-06-28 06:19:21,06:18:01,,0
2017-06-28 06:49:15,0.0,M100,1 AV/125 ST,40.801968,-73.93135799999999,INWOOD 220 ST via AMSTERDAM via BWAY,40.871902,-73.913101,NYCT_8373,40.810903,-73.95291800000001,W 125 ST/ST NICHOLAS AV,at stop,12.0,2017-06-28 06:49:23,06:51:24,0 days 00:30:02.000000000,31
2017-06-28 12:39:31,0.0,M100,1 AV/125 ST,40.801968,-73.93135799999999,INWOOD 220 ST via AMSTERDAM via BWAY,40.871902,-73.913101,NYCT_8392,40.810956,-73.95304300000001,W 125 ST/ST NICHOLAS AV,at stop,0.0,,12:35:29,,0
2017-06-28 15:19:50,0.0,M100,1 AV/125 ST,40.801968,-73.93135799999999,INWOOD 220 ST via AMSTERDAM via BWAY,40.871902,-73.913101,NYCT_4375,40.810956,-73.95304300000001,W 125 ST/ST NICHOLAS AV,at stop,0.0,2017-06-28 15:20:00,15:17:11,,0
2017-06-28 16:29:39,0.0,M100,1 AV/125 ST,40.801968,-73.93135799999999,INWOOD 220 ST via AMSTERDAM via BWAY,40.871902,-73.913101,NYCT_8362,40.810949,-73.953026,W 125 ST/ST NICHOLAS AV,at stop,1.0,,16:23:11,,0
2017-06-28 16:49:00,0.0,M100,,,,INWOOD 220 ST via AMSTERDAM via BWAY,40.871902,-73.913101,NYCT_4334,40.810862,-73.95281999999999,W 125 ST/ST NICHOLAS AV,at stop,21.0,2017-06-28 16:49:17,,,0
2017-06-28 19:09:10,0.0,M100,1 AV/125 ST,40.801968,-73.93135799999999,INWOOD 220 ST via AMSTERDAM via BWAY,40.871902,-73.913101,NYCT_8392,40.810932,-73.952985,W 125 ST/ST NICHOLAS AV,at stop,5.0,2017-06-28 19:09:40,19:11:39,0 days 02:20:23.000000000,141
2017-06-28 19:19:56,0.0,M100,1 AV/125 ST,40.801968,-73.93135799999999,INWOOD 220 ST via AMSTERDAM via BWAY,40.871902,-73.913101,NYCT_8366,40.810874,-73.952851,W 125 ST/ST NICHOLAS AV,at stop,18.0,2017-06-28 19:20:18,19:21:39,0 days 00:10:38.000000000,11
2017-06-29 15:01:31,0.0,M100,1 AV/125 ST,40.801968,-73.93135799999999,INWOOD 220 ST via AMSTERDAM via BWAY,40.871902,-73.913101,NYCT_4378,40.810833,-73.952752,W 125 ST/ST NICHOLAS AV,at stop,28.0,2017-06-29 15:01:48,14:45:11,0 days 19:41:30.000000000,1182
2017-06-29 17:21:19,0.0,M100,1 AV/125 ST,40.801968,-73.93135799999999,INWOOD 220 ST via AMSTERDAM via BWAY,40.871902,-73.913101,NYCT_8397,40.810942,-73.953009,W 125 ST/ST NICHOLAS AV,at stop,3.0,2017-06-29 17:21:51,17:29:11,0 days 02:20:03.000000000,141
2017-06-30 11:32:11,0.0,M100,1 AV/125 ST,40.801968,-73.93135799999999,INWOOD 220 ST via AMSTERDAM via BWAY,40.871902,-73.913101,NYCT_8397,40.810883000000004,-73.95286999999999,W 125 ST/ST NICHOLAS AV,at stop,16.0,2017-06-30 11:32:30,11:34:39,0 days 18:10:39.000000000,1091
2017-06-30 13:32:17,0.0,M100,1 AV/125 ST,40.801968,-73.93135799999999,INWOOD 220 ST via AMSTERDAM via BWAY,40.871902,-73.913101,NYCT_4355,40.810903,-73.952919,W 125 ST/ST NICHOLAS AV,at stop,12.0,,13:35:20,,0
2017-06-30 16:53:12,0.0,M100,1 AV/125 ST,40.801968,-73.93135799999999,INWOOD 220 ST via AMSTERDAM via BWAY,40.871902,-73.913101,NYCT_4220,40.810883000000004,-73.952872,W 125 ST/ST NICHOLAS AV,at stop,16.0,,16:47:11,,0
2017-06-30 23:13:23,0.0,M100,1 AV/125 ST,40.801968,-73.93135799999999,INWOOD 220 ST via AMSTERDAM via BWAY,40.871902,-73.913101,NYCT_4391,40.810852000000004,-73.952799,W 125 ST/ST NICHOLAS AV,at stop,23.0,2017-06-30 23:13:33,23:06:52,,0
2017-08-01 07:51:49,0.0,M100,1 AV/125 ST,40.801968,-73.93135799999999,INWOOD 220 ST via AMSTERDAM via BWAY,40.871902,-73.913101,NYCT_8368,40.810860999999996,-73.95281899999999,W 125 ST/ST NICHOLAS AV,at stop,21.0,2017-08-01 07:52:03,07:49:06,31 days 08:38:30.000000000,45159
2017-08-01 07:51:49,0.0,M100,1 AV/125 ST,40.801968,-73.93135799999999,INWOOD 220 ST via AMSTERDAM via BWAY,40.871902,-73.913101,NYCT_8368,40.810860999999996,-73.95281899999999,W 125 ST/ST NICHOLAS AV,at stop,21.0,2017-08-01 07:52:03,07:50:48,0 days 00:00:00.000000000,0
2017-08-01 07:51:49,0.0,M100,1 AV/125 ST,40.801968,-73.93135799999999,INWOOD 220 ST via AMSTERDAM via BWAY,40.871902,-73.913101,NYCT_8368,40.810860999999996,-73.95281899999999,W 125 ST/ST NICHOLAS AV,at stop,21.0,2017-08-01 07:52:03,07:51:39,0 days 00:00:00.000000000,0
2017-08-01 11:02:25,0.0,M100,1 AV/125 ST,40.801968,-73.93135799999999,INWOOD 220 ST via AMSTERDAM via BWAY,40.871902,-73.913101,NYCT_8384,40.810907,-73.952928,W 125 ST/ST NICHOLAS AV,at stop,11.0,2017-08-01 11:02:42,11:04:39,0 days 03:10:39.000000000,191
2017-08-01 13:42:23,0.0,M100,1 AV/125 ST,40.801968,-73.93135799999999,INWOOD 220 ST via AMSTERDAM via BWAY,40.871902,-73.913101,NYCT_8391,40.810881,-73.952865,W 125 ST/ST NICHOLAS AV,at stop,17.0,2017-08-01 13:43:07,13:35:20,0 days 02:40:25.000000000,161
2017-08-01 13:52:39,0.0,M100,1 AV/125 ST,40.801968,-73.93135799999999,INWOOD 220 ST via AMSTERDAM via BWAY,40.871902,-73.913101,NYCT_4367,40.810888,-73.952883,W 125 ST/ST NICHOLAS AV,at stop,15.0,2017-08-01 13:52:55,13:48:20,0 days 00:09:48.000000000,10
2017-08-01 15:53:02,0.0,M100,1 AV/125 ST,40.801968,-73.93135799999999,INWOOD 220 ST via AMSTERDAM via BWAY,40.871902,-73.913101,NYCT_8381,40.81092,-73.952957,W 125 ST/ST NICHOLAS AV,at stop,8.0,2017-08-01 15:53:07,15:51:11,0 days 02:00:12.000000000,121
2017-08-01 17:02:43,0.0,M100,1 AV/125 ST,40.801968,-73.93135799999999,INWOOD 220 ST via AMSTERDAM via BWAY,40.871902,-73.913101,NYCT_8391,40.810825,-73.95273399999999,W 125 ST/ST NICHOLAS AV,at stop,29.0,2017-08-01 17:03:23,16:55:11,0 days 01:10:16.000000000,71
2017-08-01 17:22:52,0.0,M100,1 AV/125 ST,40.801968,-73.93135799999999,INWOOD 220 ST via AMSTERDAM via BWAY,40.871902,-73.913101,NYCT_4393,40.810912,-73.95294,W 125 ST/ST NICHOLAS AV,at stop,9.0,2017-08-01 17:23:09,17:21:11,0 days 00:19:46.000000000,20
2017-08-01 17:32:54,0.0,M100,1 AV/125 ST,40.801968,-73.93135799999999,INWOOD 220 ST via AMSTERDAM via BWAY,40.871902,-73.913101,NYCT_8389,40.810883000000004,-73.952872,W 125 ST/ST NICHOLAS AV,at stop,16.0,2017-08-01 17:33:10,17:29:11,0 days 00:10:01.000000000,11
2017-08-01 18:42:04,0.0,M100,1 AV/125 ST,40.801968,-73.93135799999999,INWOOD 220 ST via AMSTERDAM via BWAY,40.871902,-73.913101,NYCT_8392,40.810885,-73.952874,W 125 ST/ST NICHOLAS AV,at stop,16.0,2017-08-01 18:42:33,18:43:29,0 days 01:09:23.000000000,70
2017-08-02 15:54:31,0.0,M100,1 AV/125 ST,40.801968,-73.93135799999999,INWOOD 220 ST via AMSTERDAM via BWAY,40.871902,-73.913101,NYCT_4342,40.810883000000004,-73.952872,W 125 ST/ST NICHOLAS AV,at stop,16.0,2017-08-02 15:54:49,15:51:11,0 days 21:12:16.000000000,1273
2017-08-02 19:04:15,0.0,M100,1 AV/125 ST,40.801968,-73.93135799999999,INWOOD 220 ST via AMSTERDAM via BWAY,40.871902,-73.913101,NYCT_4382,40.810932,-73.952985,W 125 ST/ST NICHOLAS AV,at stop,5.0,2017-08-02 19:04:27,19:01:39,0 days 03:09:38.000000000,190
2017-08-02 19:14:42,0.0,M100,1 AV/125 ST,40.801968,-73.93135799999999,INWOOD 220 ST via AMSTERDAM via BWAY,40.871902,-73.913101,NYCT_4342,40.810834,-73.952754,W 125 ST/ST NICHOLAS AV,at stop,27.0,,19:11:39,,0
2017-08-03 13:06:46,0.0,M100,1 AV/125 ST,40.801968,-73.93135799999999,INWOOD 220 ST via AMSTERDAM via BWAY,40.871902,-73.913101,NYCT_8378,40.810908000000005,-73.952931,W 125 ST/ST NICHOLAS AV,at stop,10.0,2017-08-03 13:07:11,12:35:29,,0
2017-08-03 18:17:14,0.0,M100,1 AV/125 ST,40.801968,-73.93135799999999,INWOOD 220 ST via AMSTERDAM via BWAY,40.871902,-73.913101,NYCT_4392,40.810947999999996,-73.953025,W 125 ST/ST NICHOLAS AV,at stop,1.0,2017-08-03 18:17:34,18:13:29,0 days 05:10:23.000000000,311
2017-08-04 11:28:26,0.0,M100,1 AV/125 ST,40.801968,-73.93135799999999,INWOOD 220 ST via AMSTERDAM via BWAY,40.871902,-73.913101,NYCT_4359,40.810956,-73.95304300000001,W 125 ST/ST NICHOLAS AV,at stop,0.0,,11:24:39,,0
2017-08-04 17:39:04,0.0,M100,1 AV/125 ST,40.801968,-73.93135799999999,INWOOD 220 ST via AMSTERDAM via BWAY,40.871902,-73.913101,NYCT_4353,40.810891,-73.952889,W 125 ST/ST NICHOLAS AV,at stop,14.0,2017-08-04 17:39:15,17:29:11,,0
2017-08-04 18:18:02,0.0,M100,1 AV/125 ST,40.801968,-73.93135799999999,INWOOD 220 ST via AMSTERDAM via BWAY,40.871902,-73.913101,NYCT_4101,40.810893,-73.952893,W 125 ST/ST NICHOLAS AV,at stop,14.0,2017-08-04 18:18:43,18:20:29,0 days 00:39:28.000000000,40
2017-08-04 21:48:55,0.0,M100,1 AV/125 ST,40.801968,-73.93135799999999,INWOOD 220 ST via AMSTERDAM via BWAY,40.871902,-73.913101,NYCT_4344,40.810911,-73.952937,W 125 ST/ST NICHOLAS AV,at stop,10.0,2017-08-04 21:49:11,21:48:34,0 days 03:30:28.000000000,211
2017-08-05 15:10:31,0.0,M100,1 AV/125 ST,40.801968,-73.93135799999999,INWOOD 220 ST via AMSTERDAM via BWAY,40.871902,-73.913101,NYCT_4397,40.810902,-73.952915,W 125 ST/ST NICHOLAS AV,at stop,12.0,2017-08-05 15:10:51,15:07:57,0 days 17:21:40.000000000,1042
2017-08-05 21:40:50,0.0,M100,1 AV/125 ST,40.801968,-73.93135799999999,INWOOD 220 ST via AMSTERDAM via BWAY,40.871902,-73.913101,NYCT_4380,40.810936,-73.952996,W 125 ST/ST NICHOLAS AV,at stop,4.0,2017-08-05 21:41:21,21:39:15,0 days 06:30:30.000000000,391
2017-08-06 00:10:28,0.0,M100,1 AV/125 ST,40.801968,-73.93135799999999,INWOOD 220 ST via AMSTERDAM via BWAY,40.871902,-73.913101,NYCT_4347,40.810945000000004,-73.953017,W 125 ST/ST NICHOLAS AV,at stop,2.0,2017-08-06 00:10:58,24:16:34,0 days 02:29:37.000000000,150
2017-08-06 13:42:10,0.0,M100,1 AV/125 ST,40.801968,-73.93135799999999,INWOOD 220 ST via AMSTERDAM via BWAY,40.871902,-73.913101,NYCT_4407,40.810893,-73.952894,W 125 ST/ST NICHOLAS AV,at stop,14.0,2017-08-06 13:42:32,13:41:57,0 days 13:31:34.000000000,812
2017-08-06 18:12:15,0.0,M100,1 AV/125 ST,40.801968,-73.93135799999999,INWOOD 220 ST via AMSTERDAM via BWAY,40.871902,-73.913101,NYCT_4403,40.810938,-73.953001,W 125 ST/ST NICHOLAS AV,at stop,4.0,2017-08-06 18:12:31,18:11:57,0 days 04:29:59.000000000,270
2017-08-07 01:12:31,0.0,M100,1 AV/125 ST,40.801968,-73.93135799999999,INWOOD 220 ST via AMSTERDAM via BWAY,40.871902,-73.913101,NYCT_4405,40.810859,-73.952814,W 125 ST/ST NICHOLAS AV,at stop,22.0,2017-08-07 01:13:01,24:46:01,0 days 07:00:30.000000000,421
2017-08-07 09:43:06,0.0,M100,1 AV/125 ST,40.801968,-73.93135799999999,INWOOD 220 ST via AMSTERDAM via BWAY,40.871902,-73.913101,NYCT_4744,40.810858,-73.952812,W 125 ST/ST NICHOLAS AV,at stop,22.0,2017-08-07 09:43:42,09:36:39,0 days 08:30:41.000000000,511
2017-08-07 13:23:58,0.0,M100,1 AV/125 ST,40.801968,-73.93135799999999,INWOOD 220 ST via AMSTERDAM via BWAY,40.871902,-73.913101,NYCT_4350,40.810941,-73.953008,W 125 ST/ST NICHOLAS AV,at stop,3.0,2017-08-07 13:24:18,13:23:20,0 days 03:40:36.000000000,221
2017-08-07 14:03:43,0.0,M100,1 AV/125 ST,40.801968,-73.93135799999999,INWOOD 220 ST via AMSTERDAM via BWAY,40.871902,-73.913101,NYCT_4746,40.810896,-73.952901,W 125 ST/ST NICHOLAS AV,at stop,13.0,2017-08-07 14:03:57,14:02:20,0 days 00:39:39.000000000,40
2017-08-07 14:23:15,0.0,M100,1 AV/125 ST,40.801968,-73.93135799999999,INWOOD 220 ST via AMSTERDAM via BWAY,40.871902,-73.913101,NYCT_8389,40.810876,-73.952855,W 125 ST/ST NICHOLAS AV,at stop,18.0,2017-08-07 14:23:41,14:28:11,0 days 00:19:44.000000000,20
2017-08-08 09:45:00,0.0,M100,,,,INWOOD 220 ST via AMSTERDAM via BWAY,40.871902,-73.913101,NYCT_4347,40.810947999999996,-73.953024,W 125 ST/ST NICHOLAS AV,at stop,1.0,2017-08-08 09:45:13,,0 days 19:21:32.000000000,1162
2017-08-08 14:35:47,0.0,M100,1 AV/125 ST,40.801968,-73.93135799999999,INWOOD 220 ST via AMSTERDAM via BWAY,40.871902,-73.913101,NYCT_4223,40.810949,-73.953026,W 125 ST/ST NICHOLAS AV,at stop,1.0,2017-08-08 14:36:10,14:28:11,0 days 04:50:57.000000000,291
2017-08-08 17:25:54,0.0,M100,1 AV/125 ST,40.801968,-73.93135799999999,INWOOD 220 ST via AMSTERDAM via BWAY,40.871902,-73.913101,NYCT_4400,40.810912,-73.95294,W 125 ST/ST NICHOLAS AV,at stop,9.0,2017-08-08 17:26:32,17:21:11,0 days 02:50:22.000000000,171
2017-08-08 23:05:38,0.0,M100,1 AV/125 ST,40.801968,-73.93135799999999,INWOOD 220 ST via AMSTERDAM via BWAY,40.871902,-73.913101,NYCT_8385,40.810904,-73.95292099999999,W 125 ST/ST NICHOLAS AV,at stop,11.0,2017-08-08 23:06:05,23:06:52,0 days 05:39:33.000000000,340
2017-08-09 09:06:48,0.0,M100,1 AV/125 ST,40.801968,-73.93135799999999,INWOOD 220 ST via AMSTERDAM via BWAY,40.871902,-73.913101,NYCT_4353,40.810858,-73.952812,W 125 ST/ST NICHOLAS AV,at stop,22.0,2017-08-09 09:07:03,09:09:39,0 days 10:00:58.000000000,601
2017-08-09 15:07:38,0.0,M100,1 AV/125 ST,40.801968,-73.93135799999999,INWOOD 220 ST via AMSTERDAM via BWAY,40.871902,-73.913101,NYCT_8393,40.810912,-73.95294,W 125 ST/ST NICHOLAS AV,at stop,9.0,,15:08:11,,0
2017-08-10 06:18:56,0.0,M100,1 AV/125 ST,40.801968,-73.93135799999999,INWOOD 220 ST via AMSTERDAM via BWAY,40.871902,-73.913101,NYCT_4405,40.810915,-73.952945,W 125 ST/ST NICHOLAS AV,at stop,9.0,2017-08-10 06:19:03,06:18:01,,0
2017-08-10 09:58:43,0.0,M100,1 AV/125 ST,40.801968,-73.93135799999999,INWOOD 220 ST via AMSTERDAM via BWAY,40.871902,-73.913101,NYCT_4350,40.810907,-73.952928,W 125 ST/ST NICHOLAS AV,at stop,11.0,2017-08-10 09:58:57,09:48:39,0 days 03:39:54.000000000,220
2017-08-10 18:19:26,0.0,M100,1 AV/125 ST,40.801968,-73.93135799999999,INWOOD 220 ST via AMSTERDAM via BWAY,40.871902,-73.913101,NYCT_4371,40.810845,-73.952781,W 125 ST/ST NICHOLAS AV,at stop,25.0,2017-08-10 18:20:09,18:20:29,0 days 08:21:12.000000000,502
2017-08-11 07:59:52,0.0,M100,1 AV/125 ST,40.801968,-73.93135799999999,INWOOD 220 ST via AMSTERDAM via BWAY,40.871902,-73.913101,NYCT_8389,40.810826,-73.952737,W 125 ST/ST NICHOLAS AV,at stop,29.0,2017-08-11 08:00:25,07:58:48,0 days 13:40:16.000000000,821
2017-08-11 13:11:08,0.0,M100,1 AV/125 ST,40.801968,-73.93135799999999,INWOOD 220 ST via AMSTERDAM via BWAY,40.871902,-73.913101,NYCT_8387,40.810903,-73.952919,W 125 ST/ST NICHOLAS AV,at stop,12.0,2017-08-11 13:11:27,13:05:20,0 days 05:11:02.000000000,312
2017-08-11 15:30:37,0.0,M100,1 AV/125 ST,40.801968,-73.93135799999999,INWOOD 220 ST via AMSTERDAM via BWAY,40.871902,-73.913101,NYCT_4405,40.81092,-73.952957,W 125 ST/ST NICHOLAS AV,at stop,8.0,2017-08-11 15:31:14,15:26:11,0 days 02:19:47.000000000,140
2017-08-11 17:51:33,0.0,M100,1 AV/125 ST,40.801968,-73.93135799999999,INWOOD 220 ST via AMSTERDAM via BWAY,40.871902,-73.913101,NYCT_4403,40.810908000000005,-73.952931,W 125 ST/ST NICHOLAS AV,at stop,10.0,2017-08-11 17:51:50,17:50:29,0 days 02:20:36.000000000,141
2017-08-11 22:51:31,0.0,M100,1 AV/125 ST,40.801968,-73.93135799999999,INWOOD 220 ST via AMSTERDAM via BWAY,40.871902,-73.913101,NYCT_8382,40.810943,-73.953013,W 125 ST/ST NICHOLAS AV,at stop,2.0,,22:46:52,,0
2017-08-12 07:41:58,0.0,M100,1 AV/125 ST,40.801968,-73.93135799999999,INWOOD 220 ST via AMSTERDAM via BWAY,40.871902,-73.913101,NYCT_4354,40.810943,-73.953013,W 125 ST/ST NICHOLAS AV,at stop,2.0,2017-08-12 07:42:18,07:38:52,,0
2017-08-12 13:32:15,0.0,M100,1 AV/125 ST,40.801968,-73.93135799999999,INWOOD 220 ST via AMSTERDAM via BWAY,40.871902,-73.913101,NYCT_4377,40.810911,-73.952937,W 125 ST/ST NICHOLAS AV,at stop,10.0,2017-08-12 13:32:43,13:33:57,0 days 05:50:25.000000000,351
2017-08-13 15:23:57,0.0,M100,1 AV/125 ST,40.801968,-73.93135799999999,INWOOD 220 ST via AMSTERDAM via BWAY,40.871902,-73.913101,NYCT_4381,40.810956,-73.95304300000001,W 125 ST/ST NICHOLAS AV,at stop,0.0,,15:17:57,,0
2017-08-13 17:24:54,0.0,M100,1 AV/125 ST,40.801968,-73.93135799999999,INWOOD 220 ST via AMSTERDAM via BWAY,40.871902,-73.913101,NYCT_4390,40.81092,-73.952958,W 125 ST/ST NICHOLAS AV,at stop,8.0,2017-08-13 17:25:09,17:23:57,,0
2017-08-13 20:45:03,0.0,M100,1 AV/125 ST,40.801968,-73.93135799999999,INWOOD 220 ST via AMSTERDAM via BWAY,40.871902,-73.913101,NYCT_4747,40.810855,-73.952804,W 125 ST/ST NICHOLAS AV,at stop,23.0,2017-08-13 20:45:23,20:44:34,0 days 03:20:14.000000000,201
2017-08-14 13:26:07,0.0,M100,1 AV/125 ST,40.801968,-73.93135799999999,INWOOD 220 ST via AMSTERDAM via BWAY,40.871902,-73.913101,NYCT_4100,40.810956,-73.95304300000001,W 125 ST/ST NICHOLAS AV,at stop,0.0,2017-08-14 13:26:10,13:29:20,0 days 16:40:47.000000000,1001
2017-08-14 14:26:31,0.0,M100,1 AV/125 ST,40.801968,-73.93135799999999,INWOOD 220 ST via AMSTERDAM via BWAY,40.871902,-73.913101,NYCT_4353,40.81092,-73.952957,W 125 ST/ST NICHOLAS AV,at stop,8.0,2017-08-14 14:26:41,14:28:11,0 days 01:00:31.000000000,61
2017-08-14 15:06:31,0.0,M100,1 AV/125 ST,40.801968,-73.93135799999999,INWOOD 220 ST via AMSTERDAM via BWAY,40.871902,-73.913101,NYCT_8382,40.810862,-73.95281999999999,W 125 ST/ST NICHOLAS AV,at stop,21.0,2017-08-14 15:06:46,15:08:11,0 days 00:40:05.000000000,41
2017-08-14 16:46:25,0.0,M100,1 AV/125 ST,40.801968,-73.93135799999999,INWOOD 220 ST via AMSTERDAM via BWAY,40.871902,-73.913101,NYCT_4100,40.810898,-73.952906,W 125 ST/ST NICHOLAS AV,at stop,13.0,,16:47:11,,0
2017-08-14 18:06:23,0.0,M100,1 AV/125 ST,40.801968,-73.93135799999999,INWOOD 220 ST via AMSTERDAM via BWAY,40.871902,-73.913101,NYCT_4381,40.810853,-73.952799,W 125 ST/ST NICHOLAS AV,at stop,23.0,2017-08-14 18:06:39,18:05:29,,0
2017-08-14 18:46:07,0.0,M100,1 AV/125 ST,40.801968,-73.93135799999999,INWOOD 220 ST via AMSTERDAM via BWAY,40.871902,-73.913101,NYCT_4384,40.810956,-73.95304300000001,W 125 ST/ST NICHOLAS AV,at stop,0.0,,18:43:29,,0
2017-08-15 10:07:05,0.0,M100,1 AV/125 ST,40.801968,-73.93135799999999,INWOOD 220 ST via AMSTERDAM via BWAY,40.871902,-73.913101,NYCT_4374,40.810915,-73.952947,W 125 ST/ST NICHOLAS AV,at stop,9.0,,10:04:39,,0
2017-08-15 13:27:34,0.0,M100,1 AV/125 ST,40.801968,-73.93135799999999,INWOOD 220 ST via AMSTERDAM via BWAY,40.871902,-73.913101,NYCT_4360,40.81085,-73.952794,W 125 ST/ST NICHOLAS AV,at stop,24.0,2017-08-15 13:27:50,13:29:20,,0
2017-08-15 15:57:42,0.0,M100,1 AV/125 ST,40.801968,-73.93135799999999,INWOOD 220 ST via AMSTERDAM via BWAY,40.871902,-73.913101,NYCT_4350,40.810956,-73.95304300000001,W 125 ST/ST NICHOLAS AV,at stop,0.0,2017-08-15 15:57:56,15:59:11,0 days 02:30:06.000000000,151
2017-08-16 09:29:21,0.0,M100,1 AV/125 ST,40.801968,-73.93135799999999,INWOOD 220 ST via AMSTERDAM via BWAY,40.871902,-73.913101,NYCT_8359,40.810866,-73.952831,W 125 ST/ST NICHOLAS AV,at stop,20.0,2017-08-16 09:29:42,09:30:39,0 days 17:31:46.000000000,1052
2017-08-16 16:19:41,0.0,M100,1 AV/125 ST,40.801968,-73.93135799999999,INWOOD 220 ST via AMSTERDAM via BWAY,40.871902,-73.913101,NYCT_4355,40.810949,-73.953026,W 125 ST/ST NICHOLAS AV,at stop,1.0,,16:23:11,,0
2017-08-16 18:19:23,0.0,M100,,,,INWOOD 220 ST via AMSTERDAM via BWAY,40.871902,-73.913101,NYCT_4385,40.810947999999996,-73.953025,W 125 ST/ST NICHOLAS AV,at stop,1.0,2017-08-16 18:19:33,,,0
2017-08-17 05:20:48,0.0,M100,1 AV/125 ST,40.801968,-73.93135799999999,INWOOD 220 ST via AMSTERDAM via BWAY,40.871902,-73.913101,NYCT_4222,40.81091,-73.952935,W 125 ST/ST NICHOLAS AV,at stop,10.0,2017-08-17 05:21:07,05:21:19,0 days 11:01:34.000000000,662
2017-08-17 05:20:48,0.0,M100,1 AV/125 ST,40.801968,-73.93135799999999,INWOOD 220 ST via AMSTERDAM via BWAY,40.871902,-73.913101,NYCT_4222,40.81091,-73.952935,W 125 ST/ST NICHOLAS AV,at stop,10.0,2017-08-17 05:21:07,05:22:10,0 days 00:00:00.000000000,0
2017-08-17 05:20:48,0.0,M100,1 AV/125 ST,40.801968,-73.93135799999999,INWOOD 220 ST via AMSTERDAM via BWAY,40.871902,-73.913101,NYCT_4222,40.81091,-73.952935,W 125 ST/ST NICHOLAS AV,at stop,10.0,2017-08-17 05:21:07,05:23:01,0 days 00:00:00.000000000,0
2017-08-17 14:11:18,0.0,M100,1 AV/125 ST,40.801968,-73.93135799999999,INWOOD 220 ST via AMSTERDAM via BWAY,40.871902,-73.913101,NYCT_4396,40.810949,-73.953025,W 125 ST/ST NICHOLAS AV,at stop,1.0,2017-08-17 14:11:50,14:10:20,0 days 08:50:43.000000000,531
2017-08-17 15:01:26,0.0,M100,1 AV/125 ST,40.801968,-73.93135799999999,INWOOD 220 ST via AMSTERDAM via BWAY,40.871902,-73.913101,NYCT_4404,40.81084,-73.95276899999999,W 125 ST/ST NICHOLAS AV,at stop,26.0,2017-08-17 15:01:53,14:45:11,0 days 00:50:03.000000000,51
2017-08-17 15:10:52,0.0,M100,1 AV/125 ST,40.801968,-73.93135799999999,INWOOD 220 ST via AMSTERDAM via BWAY,40.871902,-73.913101,NYCT_4346,40.810905,-73.952923,W 125 ST/ST NICHOLAS AV,at stop,11.0,2017-08-17 15:11:07,15:08:11,0 days 00:09:14.000000000,10
2017-08-17 16:41:51,0.0,M100,1 AV/125 ST,40.801968,-73.93135799999999,INWOOD 220 ST via AMSTERDAM via BWAY,40.871902,-73.913101,NYCT_4336,40.810927,-73.952975,W 125 ST/ST NICHOLAS AV,at stop,6.0,2017-08-17 16:41:58,16:39:11,0 days 01:30:51.000000000,91
2017-08-17 17:51:35,0.0,M100,1 AV/125 ST,40.801968,-73.93135799999999,INWOOD 220 ST via AMSTERDAM via BWAY,40.871902,-73.913101,NYCT_4345,40.8109,-73.952912,W 125 ST/ST NICHOLAS AV,at stop,12.0,2017-08-17 17:52:14,17:50:29,0 days 01:10:16.000000000,71
2017-08-17 18:01:47,0.0,M100,1 AV/125 ST,40.801968,-73.93135799999999,INWOOD 220 ST via AMSTERDAM via BWAY,40.871902,-73.913101,NYCT_5805,40.810853,-73.952799,W 125 ST/ST NICHOLAS AV,at stop,23.0,2017-08-17 18:02:04,18:05:29,0 days 00:09:50.000000000,10
2017-08-17 19:21:47,0.0,M100,1 AV/125 ST,40.801968,-73.93135799999999,INWOOD 220 ST via AMSTERDAM via BWAY,40.871902,-73.913101,NYCT_4393,40.810947999999996,-73.953024,W 125 ST/ST NICHOLAS AV,at stop,1.0,2017-08-17 19:22:10,19:21:39,0 days 01:20:06.000000000,81
2017-08-17 19:21:47,0.0,M100,1 AV/125 ST,40.801968,-73.93135799999999,INWOOD 220 ST via AMSTERDAM via BWAY,40.871902,-73.913101,NYCT_4393,40.810947999999996,-73.953024,W 125 ST/ST NICHOLAS AV,at stop,1.0,2017-08-17 19:22:10,19:22:29,0 days 00:00:00.000000000,0
2017-08-18 08:32:51,0.0,M100,1 AV/125 ST,40.801968,-73.93135799999999,INWOOD 220 ST via AMSTERDAM via BWAY,40.871902,-73.913101,NYCT_8362,40.810852000000004,-73.952799,W 125 ST/ST NICHOLAS AV,at stop,23.0,,08:23:48,,0
2017-08-18 12:53:28,0.0,M100,1 AV/125 ST,40.801968,-73.93135799999999,INWOOD 220 ST via AMSTERDAM via BWAY,40.871902,-73.913101,NYCT_4226,40.810947999999996,-73.953025,W 125 ST/ST NICHOLAS AV,at stop,1.0,2017-08-18 12:53:29,12:45:29,,0
2017-08-18 20:33:35,0.0,M100,1 AV/125 ST,40.801968,-73.93135799999999,INWOOD 220 ST via AMSTERDAM via BWAY,40.871902,-73.913101,NYCT_8385,40.810946,-73.953019,W 125 ST/ST NICHOLAS AV,at stop,2.0,2017-08-18 20:34:05,20:28:15,0 days 07:40:36.000000000,461
2017-08-20 06:35:28,0.0,M100,1 AV/125 ST,40.801968,-73.93135799999999,INWOOD 220 ST via AMSTERDAM via BWAY,40.871902,-73.913101,NYCT_8390,40.810878,-73.95286,W 125 ST/ST NICHOLAS AV,at stop,17.0,2017-08-20 06:35:55,06:36:52,1 days 10:01:50.000000000,2042
2017-08-21 07:57:20,0.0,M100,1 AV/125 ST,40.801968,-73.93135799999999,INWOOD 220 ST via AMSTERDAM via BWAY,40.871902,-73.913101,NYCT_4370,40.810947,-73.953023,W 125 ST/ST NICHOLAS AV,at stop,1.0,2017-08-21 07:57:29,07:58:48,1 days 01:21:34.000000000,1522
2017-08-21 09:28:09,0.0,M100,1 AV/125 ST,40.801968,-73.93135799999999,INWOOD 220 ST via AMSTERDAM via BWAY,40.871902,-73.913101,NYCT_8379,40.810874,-73.952851,W 125 ST/ST NICHOLAS AV,at stop,18.0,2017-08-21 09:28:28,09:24:39,0 days 01:30:59.000000000,91
2017-08-21 10:48:26,0.0,M100,1 AV/125 ST,40.801968,-73.93135799999999,INWOOD 220 ST via AMSTERDAM via BWAY,40.871902,-73.913101,NYCT_4363,40.810874,-73.952851,W 125 ST/ST NICHOLAS AV,at stop,18.0,2017-08-21 10:48:38,10:44:39,0 days 01:20:10.000000000,81
2017-08-21 12:47:49,0.0,M100,1 AV/125 ST,40.801968,-73.93135799999999,INWOOD 220 ST via AMSTERDAM via BWAY,40.871902,-73.913101,NYCT_4336,40.810932,-73.952987,W 125 ST/ST NICHOLAS AV,at stop,5.0,2017-08-21 12:48:00,12:45:29,0 days 01:59:22.000000000,120
2017-08-21 14:48:50,0.0,M100,1 AV/125 ST,40.801968,-73.93135799999999,INWOOD 220 ST via AMSTERDAM via BWAY,40.871902,-73.913101,NYCT_4396,40.810956,-73.95304300000001,W 125 ST/ST NICHOLAS AV,at stop,0.0,2017-08-21 14:48:51,14:45:11,0 days 02:00:51.000000000,121
2017-08-21 16:18:13,0.0,M100,1 AV/125 ST,40.801968,-73.93135799999999,INWOOD 220 ST via AMSTERDAM via BWAY,40.871902,-73.913101,NYCT_4393,40.810927,-73.952975,W 125 ST/ST NICHOLAS AV,at stop,6.0,2017-08-21 16:18:28,16:15:11,0 days 01:29:37.000000000,90
2017-08-21 18:18:38,0.0,M100,1 AV/125 ST,40.801968,-73.93135799999999,INWOOD 220 ST via AMSTERDAM via BWAY,40.871902,-73.913101,NYCT_4721,40.810956,-73.95304300000001,W 125 ST/ST NICHOLAS AV,at stop,0.0,,18:20:29,,0
2017-08-21 18:58:25,0.0,M100,1 AV/125 ST,40.801968,-73.93135799999999,INWOOD 220 ST via AMSTERDAM via BWAY,40.871902,-73.913101,NYCT_8371,40.810825,-73.952735,W 125 ST/ST NICHOLAS AV,at stop,29.0,2017-08-21 18:58:42,19:01:39,,0
2017-08-21 22:28:33,0.0,M100,1 AV/125 ST,40.801968,-73.93135799999999,INWOOD 220 ST via AMSTERDAM via BWAY,40.871902,-73.913101,NYCT_4403,40.810877000000005,-73.952857,W 125 ST/ST NICHOLAS AV,at stop,17.0,2017-08-21 22:28:55,22:28:34,0 days 03:30:13.000000000,211
2017-08-22 09:49:46,0.0,M100,1 AV/125 ST,40.801968,-73.93135799999999,INWOOD 220 ST via AMSTERDAM via BWAY,40.871902,-73.913101,NYCT_5569,40.810956,-73.95304300000001,W 125 ST/ST NICHOLAS AV,at stop,0.0,2017-08-22 09:49:53,09:42:39,0 days 11:20:58.000000000,681
2017-08-22 10:40:05,0.0,M100,1 AV/125 ST,40.801968,-73.93135799999999,INWOOD 220 ST via AMSTERDAM via BWAY,40.871902,-73.913101,NYCT_8394,40.810899,-73.952908,W 125 ST/ST NICHOLAS AV,at stop,13.0,2017-08-22 10:40:25,10:34:39,0 days 00:50:32.000000000,51
2017-08-23 10:00:52,0.0,M100,1 AV/125 ST,40.801968,-73.93135799999999,INWOOD 220 ST via AMSTERDAM via BWAY,40.871902,-73.913101,NYCT_4332,40.810956,-73.95304300000001,W 125 ST/ST NICHOLAS AV,at stop,0.0,,10:04:39,,0
2017-08-24 13:33:00,0.0,M100,1 AV/125 ST,40.801968,-73.93135799999999,INWOOD 220 ST via AMSTERDAM via BWAY,40.871902,-73.913101,NYCT_4340,40.810835,-73.952758,W 125 ST/ST NICHOLAS AV,at stop,27.0,2017-08-24 13:33:24,13:35:20,,0
2017-08-24 14:03:14,0.0,M100,1 AV/125 ST,40.801968,-73.93135799999999,INWOOD 220 ST via AMSTERDAM via BWAY,40.871902,-73.913101,NYCT_4374,40.810896,-73.952901,W 125 ST/ST NICHOLAS AV,at stop,13.0,,14:02:20,,0
2017-08-24 18:13:58,0.0,M100,1 AV/125 ST,40.801968,-73.93135799999999,INWOOD 220 ST via AMSTERDAM via BWAY,40.871902,-73.913101,NYCT_4352,40.810916,-73.952949,W 125 ST/ST NICHOLAS AV,at stop,9.0,2017-08-24 18:14:27,18:13:29,,0
2017-08-24 18:43:27,0.0,M100,1 AV/125 ST,40.801968,-73.93135799999999,INWOOD 220 ST via AMSTERDAM via BWAY,40.871902,-73.913101,NYCT_8393,40.81094,-73.953006,W 125 ST/ST NICHOLAS AV,at stop,3.0,2017-08-24 18:43:34,18:43:29,0 days 00:29:07.000000000,30
2017-08-24 20:24:01,0.0,M100,1 AV/125 ST,40.801968,-73.93135799999999,INWOOD 220 ST via AMSTERDAM via BWAY,40.871902,-73.913101,NYCT_4374,40.810835,-73.95275699999999,W 125 ST/ST NICHOLAS AV,at stop,27.0,2017-08-24 20:24:18,20:28:15,0 days 01:40:44.000000000,101
2017-08-25 07:35:09,0.0,M100,1 AV/125 ST,40.801968,-73.93135799999999,INWOOD 220 ST via AMSTERDAM via BWAY,40.871902,-73.913101,NYCT_4348,40.810826,-73.952737,W 125 ST/ST NICHOLAS AV,at stop,29.0,2017-08-25 07:35:28,07:36:48,0 days 11:11:10.000000000,672
2017-08-25 14:24:38,0.0,M100,1 AV/125 ST,40.801968,-73.93135799999999,INWOOD 220 ST via AMSTERDAM via BWAY,40.871902,-73.913101,NYCT_4099,40.810858,-73.952812,W 125 ST/ST NICHOLAS AV,at stop,22.0,,14:19:20,,0
2017-08-26 00:46:18,0.0,M100,1 AV/125 ST,40.801968,-73.93135799999999,INWOOD 220 ST via AMSTERDAM via BWAY,40.871902,-73.913101,NYCT_4346,40.810956,-73.95304300000001,W 125 ST/ST NICHOLAS AV,at stop,0.0,2017-08-26 00:46:36,24:45:10,,0
2017-08-26 12:07:20,0.0,M100,1 AV/125 ST,40.801968,-73.93135799999999,INWOOD 220 ST via AMSTERDAM via BWAY,40.871902,-73.913101,NYCT_8385,40.810918,-73.95295300000001,W 125 ST/ST NICHOLAS AV,at stop,8.0,2017-08-26 12:07:28,12:09:06,0 days 11:20:52.000000000,681
2017-08-27 07:18:07,0.0,M100,1 AV/125 ST,40.801968,-73.93135799999999,INWOOD 220 ST via AMSTERDAM via BWAY,40.871902,-73.913101,NYCT_4375,40.810943,-73.953013,W 125 ST/ST NICHOLAS AV,at stop,2.0,2017-08-27 07:18:32,07:16:52,0 days 19:11:04.000000000,1152
2017-08-27 13:09:07,0.0,M100,1 AV/125 ST,40.801968,-73.93135799999999,INWOOD 220 ST via AMSTERDAM via BWAY,40.871902,-73.913101,NYCT_4377,40.810848,-73.952787,W 125 ST/ST NICHOLAS AV,at stop,24.0,2017-08-27 13:09:18,13:11:57,0 days 05:50:46.000000000,351
2017-08-27 16:38:28,0.0,M100,1 AV/125 ST,40.801968,-73.93135799999999,INWOOD 220 ST via AMSTERDAM via BWAY,40.871902,-73.913101,NYCT_4389,40.810947,-73.953022,W 125 ST/ST NICHOLAS AV,at stop,2.0,2017-08-27 16:38:49,16:41:57,0 days 03:29:31.000000000,210
2017-08-27 17:28:59,0.0,M100,1 AV/125 ST,40.801968,-73.93135799999999,INWOOD 220 ST via AMSTERDAM via BWAY,40.871902,-73.913101,NYCT_8376,40.810928999999994,-73.952979,W 125 ST/ST NICHOLAS AV,at stop,6.0,2017-08-27 17:29:02,17:23:57,0 days 00:50:13.000000000,51
2017-08-27 21:39:25,0.0,M100,1 AV/125 ST,40.801968,-73.93135799999999,INWOOD 220 ST via AMSTERDAM via BWAY,40.871902,-73.913101,NYCT_8393,40.8109,-73.952911,W 125 ST/ST NICHOLAS AV,at stop,12.0,2017-08-27 21:39:44,21:38:34,0 days 04:10:42.000000000,251
2017-08-28 11:20:07,0.0,M100,1 AV/125 ST,40.801968,-73.93135799999999,INWOOD 220 ST via AMSTERDAM via BWAY,40.871902,-73.913101,NYCT_8360,40.810947999999996,-73.953024,W 125 ST/ST NICHOLAS AV,at stop,1.0,2017-08-28 11:20:40,11:14:39,0 days 13:40:56.000000000,821
2017-08-28 12:00:33,0.0,M100,1 AV/125 ST,40.801968,-73.93135799999999,INWOOD 220 ST via AMSTERDAM via BWAY,40.871902,-73.913101,NYCT_4383,40.810947999999996,-73.953025,W 125 ST/ST NICHOLAS AV,at stop,1.0,2017-08-28 12:00:42,11:55:29,0 days 00:40:02.000000000,41
2017-08-29 09:32:09,0.0,M100,1 AV/125 ST,40.801968,-73.93135799999999,INWOOD 220 ST via AMSTERDAM via BWAY,40.871902,-73.913101,NYCT_8389,40.810956,-73.95304300000001,W 125 ST/ST NICHOLAS AV,at stop,0.0,,09:30:39,,0
2017-08-29 15:42:01,0.0,M100,1 AV/125 ST,40.801968,-73.93135799999999,INWOOD 220 ST via AMSTERDAM via BWAY,40.871902,-73.913101,NYCT_4372,40.810898,-73.952906,W 125 ST/ST NICHOLAS AV,at stop,13.0,2017-08-29 15:42:13,15:35:11,,0
2017-08-29 16:22:24,0.0,M100,1 AV/125 ST,40.801968,-73.93135799999999,INWOOD 220 ST via AMSTERDAM via BWAY,40.871902,-73.913101,NYCT_4357,40.810949,-73.953026,W 125 ST/ST NICHOLAS AV,at stop,1.0,,16:23:11,,0
2017-10-02 11:36:27,0.0,M100,1 AV/125 ST,40.801966,-73.931361,INWOOD 220 ST via AMSTERDAM via BWAY,40.871902,-73.913101,NYCT_8359,40.810956,-73.95304300000001,W 125 ST/ST NICHOLAS AV,at stop,0.0,,11:36:20,,0
2017-10-02 17:56:24,0.0,M100,1 AV/125 ST,40.801966,-73.931361,INWOOD 220 ST via AMSTERDAM via BWAY,40.871902,-73.913101,NYCT_4374,40.810914000000004,-73.952945,W 125 ST/ST NICHOLAS AV,at stop,9.0,2017-10-02 17:57:01,17:51:02,,0
2017-10-03 11:27:47,0.0,M100,1 AV/125 ST,40.801966,-73.931361,INWOOD 220 ST via AMSTERDAM via BWAY,40.871902,-73.913101,NYCT_4401,40.810947999999996,-73.953025,W 125 ST/ST NICHOLAS AV,at stop,1.0,2017-10-03 11:28:04,11:26:20,0 days 17:31:03.000000000,1052
2017-10-03 12:28:12,0.0,M100,1 AV/125 ST,40.801966,-73.931361,INWOOD 220 ST via AMSTERDAM via BWAY,40.871902,-73.913101,NYCT_4099,40.810956,-73.95304300000001,W 125 ST/ST NICHOLAS AV,at stop,0.0,,12:26:20,,0
2017-10-03 14:18:41,0.0,M100,1 AV/125 ST,40.801966,-73.931361,INWOOD 220 ST via AMSTERDAM via BWAY,40.871902,-73.913101,NYCT_8386,40.810895,-73.952901,W 125 ST/ST NICHOLAS AV,at stop,13.0,2017-10-03 14:18:49,14:15:20,,0
2017-10-04 07:29:33,0.0,M100,1 AV/125 ST,40.801966,-73.931361,INWOOD 220 ST via AMSTERDAM via BWAY,40.871902,-73.913101,NYCT_4333,40.81089,-73.952889,W 125 ST/ST NICHOLAS AV,at stop,14.0,,07:35:39,,0
2017-10-04 13:33:36,0.0,M100,1 AV/125 ST,40.801966,-73.931361,INWOOD 220 ST via AMSTERDAM via BWAY,40.871902,-73.913101,NYCT_4345,40.810956,-73.95304300000001,W 125 ST/ST NICHOLAS AV,at stop,0.0,2017-10-04 13:34:01,13:35:20,,0
2017-10-04 20:34:26,0.0,M100,1 AV/125 ST,40.801966,-73.931361,INWOOD 220 ST via AMSTERDAM via BWAY,40.871902,-73.913101,NYCT_8360,40.810956,-73.95304300000001,W 125 ST/ST NICHOLAS AV,at stop,0.0,,20:25:57,,0
2017-10-05 08:14:54,0.0,M100,1 AV/125 ST,40.801966,-73.931361,INWOOD 220 ST via AMSTERDAM via BWAY,40.871902,-73.913101,NYCT_8381,40.810915,-73.952947,W 125 ST/ST NICHOLAS AV,at stop,9.0,2017-10-05 08:15:00,08:15:48,,0
2017-10-05 08:14:54,0.0,M100,1 AV/125 ST,40.801966,-73.931361,INWOOD 220 ST via AMSTERDAM via BWAY,40.871902,-73.913101,NYCT_8381,40.810915,-73.952947,W 125 ST/ST NICHOLAS AV,at stop,9.0,2017-10-05 08:15:00,08:16:39,0 days 00:00:00.000000000,0
2017-10-05 14:46:06,0.0,M100,1 AV/125 ST,40.801966,-73.931361,INWOOD 220 ST via AMSTERDAM via BWAY,40.871902,-73.913101,NYCT_4107,40.810941,-73.953009,W 125 ST/ST NICHOLAS AV,at stop,3.0,2017-10-05 14:46:16,14:49:11,0 days 06:31:16.000000000,392
2017-10-05 17:36:15,0.0,M100,1 AV/125 ST,40.801966,-73.931361,INWOOD 220 ST via AMSTERDAM via BWAY,40.871902,-73.913101,NYCT_8384,40.810907,-73.952929,W 125 ST/ST NICHOLAS AV,at stop,11.0,2017-10-05 17:36:27,17:43:02,0 days 02:50:11.000000000,171
2017-10-06 08:47:19,0.0,M100,1 AV/125 ST,40.801966,-73.931361,INWOOD 220 ST via AMSTERDAM via BWAY,40.871902,-73.913101,NYCT_8380,40.810947999999996,-73.953024,W 125 ST/ST NICHOLAS AV,at stop,1.0,2017-10-06 08:47:35,08:46:39,0 days 15:11:08.000000000,912
2017-10-06 12:17:36,0.0,M100,1 AV/125 ST,40.801966,-73.931361,INWOOD 220 ST via AMSTERDAM via BWAY,40.871902,-73.913101,NYCT_8367,40.810947999999996,-73.953025,W 125 ST/ST NICHOLAS AV,at stop,1.0,2017-10-06 12:17:51,12:16:20,0 days 03:30:16.000000000,211
2017-10-06 13:57:43,0.0,M100,1 AV/125 ST,40.801966,-73.931361,INWOOD 220 ST via AMSTERDAM via BWAY,40.871902,-73.913101,NYCT_4333,40.810947999999996,-73.953025,W 125 ST/ST NICHOLAS AV,at stop,1.0,,13:58:20,,0
2017-10-06 14:37:45,0.0,M100,1 AV/125 ST,40.801966,-73.931361,INWOOD 220 ST via AMSTERDAM via BWAY,40.871902,-73.913101,NYCT_8377,40.810824,-73.95273399999999,W 125 ST/ST NICHOLAS AV,at stop,29.0,2017-10-06 14:38:02,14:41:11,,0
2017-10-06 18:57:54,0.0,M100,1 AV/125 ST,40.801966,-73.931361,INWOOD 220 ST via AMSTERDAM via BWAY,40.871902,-73.913101,NYCT_8367,40.810884,-73.952874,W 125 ST/ST NICHOLAS AV,at stop,16.0,,18:52:29,,0
2017-10-06 20:27:45,0.0,M100,1 AV/125 ST,40.801966,-73.931361,INWOOD 220 ST via AMSTERDAM via BWAY,40.871902,-73.913101,NYCT_4333,40.810874,-73.952851,W 125 ST/ST NICHOLAS AV,at stop,18.0,2017-10-06 20:27:57,20:25:57,,0
2017-10-07 07:19:01,0.0,M100,1 AV/125 ST,40.801966,-73.931361,INWOOD 220 ST via AMSTERDAM via BWAY,40.871902,-73.913101,NYCT_4220,40.810943,-73.953012,W 125 ST/ST NICHOLAS AV,at stop,2.0,2017-10-07 07:19:17,07:18:52,0 days 10:51:20.000000000,652
2017-10-07 13:49:27,0.0,M100,1 AV/125 ST,40.801966,-73.931361,INWOOD 220 ST via AMSTERDAM via BWAY,40.871902,-73.913101,NYCT_8381,40.810938,-73.953,W 125 ST/ST NICHOLAS AV,at stop,4.0,2017-10-07 13:49:42,13:45:57,0 days 06:30:25.000000000,391
2017-10-08 13:51:10,0.0,M100,1 AV/125 ST,40.801966,-73.931361,INWOOD 220 ST via AMSTERDAM via BWAY,40.871902,-73.913101,NYCT_4354,40.810883000000004,-73.952873,W 125 ST/ST NICHOLAS AV,at stop,16.0,2017-10-08 13:51:23,13:53:57,1 days 00:01:41.000000000,1442
2017-10-08 16:11:02,0.0,M100,1 AV/125 ST,40.801966,-73.931361,INWOOD 220 ST via AMSTERDAM via BWAY,40.871902,-73.913101,NYCT_4350,40.810947,-73.953022,W 125 ST/ST NICHOLAS AV,at stop,2.0,2017-10-08 16:11:03,16:11:57,0 days 02:19:40.000000000,140
2017-10-09 18:03:07,0.0,M100,1 AV/125 ST,40.801966,-73.931361,INWOOD 220 ST via AMSTERDAM via BWAY,40.871902,-73.913101,NYCT_8391,40.810956,-73.95304300000001,W 125 ST/ST NICHOLAS AV,at stop,0.0,,17:57:48,,0
2017-10-10 17:43:49,0.0,M100,1 AV/125 ST,40.801966,-73.931361,INWOOD 220 ST via AMSTERDAM via BWAY,40.871902,-73.913101,NYCT_8360,40.8109,-73.952912,W 125 ST/ST NICHOLAS AV,at stop,12.0,2017-10-10 17:44:07,17:43:02,,0
2017-10-10 20:54:10,0.0,M100,1 AV/125 ST,40.801966,-73.931361,INWOOD 220 ST via AMSTERDAM via BWAY,40.871902,-73.913101,NYCT_4356,40.810936,-73.952995,W 125 ST/ST NICHOLAS AV,at stop,4.0,,20:48:15,,0
2017-10-11 13:25:14,0.0,M100,1 AV/125 ST,40.801966,-73.931361,INWOOD 220 ST via AMSTERDAM via BWAY,40.871902,-73.913101,NYCT_8383,40.810903,-73.95291800000001,W 125 ST/ST NICHOLAS AV,at stop,12.0,,13:28:20,,0
2017-10-11 17:06:33,0.0,M100,1 AV/125 ST,40.801966,-73.931361,INWOOD 220 ST via AMSTERDAM via BWAY,40.871902,-73.913101,NYCT_8378,40.810956,-73.95304300000001,W 125 ST/ST NICHOLAS AV,at stop,0.0,,17:05:02,,0
2017-10-12 08:47:16,0.0,M100,1 AV/125 ST,40.801966,-73.931361,INWOOD 220 ST via AMSTERDAM via BWAY,40.871902,-73.913101,NYCT_4399,40.810899,-73.952908,W 125 ST/ST NICHOLAS AV,at stop,13.0,,08:46:39,,0
2017-10-12 09:46:59,0.0,M100,1 AV/125 ST,40.801966,-73.931361,INWOOD 220 ST via AMSTERDAM via BWAY,40.871902,-73.913101,NYCT_8372,40.810947999999996,-73.953024,W 125 ST/ST NICHOLAS AV,at stop,1.0,2017-10-12 09:47:15,09:40:39,,0
2017-10-12 10:07:27,0.0,M100,1 AV/125 ST,40.801966,-73.931361,INWOOD 220 ST via AMSTERDAM via BWAY,40.871902,-73.913101,NYCT_4367,40.810849,-73.952793,W 125 ST/ST NICHOLAS AV,at stop,24.0,2017-10-12 10:07:44,10:04:39,0 days 00:20:29.000000000,21
2017-10-12 16:17:05,0.0,M100,1 AV/125 ST,40.801966,-73.931361,INWOOD 220 ST via AMSTERDAM via BWAY,40.871902,-73.913101,NYCT_8372,40.810824,-73.95273399999999,W 125 ST/ST NICHOLAS AV,at stop,29.0,2017-10-12 16:17:28,16:19:11,0 days 06:09:44.000000000,370
2017-10-13 12:49:24,0.0,M100,1 AV/125 ST,40.801966,-73.931361,INWOOD 220 ST via AMSTERDAM via BWAY,40.871902,-73.913101,NYCT_4224,40.810895,-73.952901,W 125 ST/ST NICHOLAS AV,at stop,13.0,2017-10-13 12:50:04,12:56:20,0 days 20:32:36.000000000,1233
2017-10-13 16:49:46,0.0,M100,1 AV/125 ST,40.801966,-73.931361,INWOOD 220 ST via AMSTERDAM via BWAY,40.871902,-73.913101,NYCT_8381,40.8109,-73.952912,W 125 ST/ST NICHOLAS AV,at stop,12.0,2017-10-13 16:50:20,16:35:02,0 days 04:00:16.000000000,241
2017-10-13 18:29:23,0.0,M100,1 AV/125 ST,40.801966,-73.931361,INWOOD 220 ST via AMSTERDAM via BWAY,40.871902,-73.913101,NYCT_4349,40.810947999999996,-73.953025,W 125 ST/ST NICHOLAS AV,at stop,1.0,2017-10-13 18:29:29,18:27:20,0 days 01:39:09.000000000,100
2017-10-13 18:40:16,0.0,M100,1 AV/125 ST,40.801966,-73.931361,INWOOD 220 ST via AMSTERDAM via BWAY,40.871902,-73.913101,NYCT_4362,40.810947999999996,-73.953025,W 125 ST/ST NICHOLAS AV,at stop,1.0,2017-10-13 18:40:17,18:35:20,0 days 00:10:48.000000000,11
2017-10-13 22:39:52,0.0,M100,1 AV/125 ST,40.801966,-73.931361,INWOOD 220 ST via AMSTERDAM via BWAY,40.871902,-73.913101,NYCT_8381,40.810895,-73.9529,W 125 ST/ST NICHOLAS AV,at stop,13.0,2017-10-13 22:40:13,22:35:15,0 days 03:59:56.000000000,240
2017-10-14 23:11:59,0.0,M100,1 AV/125 ST,40.801966,-73.931361,INWOOD 220 ST via AMSTERDAM via BWAY,40.871902,-73.913101,NYCT_4398,40.810945000000004,-73.953017,W 125 ST/ST NICHOLAS AV,at stop,2.0,2017-10-14 23:12:20,23:07:34,1 days 00:32:07.000000000,1473
2017-10-14 23:22:05,0.0,M100,1 AV/125 ST,40.801966,-73.931361,INWOOD 220 ST via AMSTERDAM via BWAY,40.871902,-73.913101,NYCT_4339,40.810899,-73.95291,W 125 ST/ST NICHOLAS AV,at stop,12.0,2017-10-14 23:22:11,23:22:34,0 days 00:09:51.000000000,10
2017-10-15 15:02:43,0.0,M100,1 AV/125 ST,40.801966,-73.931361,INWOOD 220 ST via AMSTERDAM via BWAY,40.871902,-73.913101,NYCT_8370,40.810928999999994,-73.952979,W 125 ST/ST NICHOLAS AV,at stop,6.0,2017-10-15 15:03:10,15:05:57,0 days 15:40:59.000000000,941
2017-10-15 16:13:20,0.0,M100,1 AV/125 ST,40.801966,-73.931361,INWOOD 220 ST via AMSTERDAM via BWAY,40.871902,-73.913101,NYCT_4375,40.810956,-73.95304300000001,W 125 ST/ST NICHOLAS AV,at stop,0.0,2017-10-15 16:13:24,16:11:57,0 days 01:10:14.000000000,71
2017-10-15 19:43:44,0.0,M100,1 AV/125 ST,40.801966,-73.931361,INWOOD 220 ST via AMSTERDAM via BWAY,40.871902,-73.913101,NYCT_8380,40.810956,-73.95304300000001,W 125 ST/ST NICHOLAS AV,at stop,0.0,,19:34:15,,0
2017-10-15 19:43:57,0.0,M100,1 AV/125 ST,40.801966,-73.931361,INWOOD 220 ST via AMSTERDAM via BWAY,40.871902,-73.913101,NYCT_4333,40.810926,-73.952972,W 125 ST/ST NICHOLAS AV,at stop,6.0,2017-10-15 19:44:06,19:46:15,,0
2017-10-16 06:03:51,0.0,M100,1 AV/125 ST,40.801966,-73.931361,INWOOD 220 ST via AMSTERDAM via BWAY,40.871902,-73.913101,NYCT_4378,40.810831,-73.952749,W 125 ST/ST NICHOLAS AV,at stop,28.0,2017-10-16 06:04:16,06:03:01,0 days 10:20:10.000000000,621
2017-10-16 16:34:25,0.0,M100,1 AV/125 ST,40.801966,-73.931361,INWOOD 220 ST via AMSTERDAM via BWAY,40.871902,-73.913101,NYCT_8392,40.810907,-73.952929,W 125 ST/ST NICHOLAS AV,at stop,11.0,2017-10-16 16:34:43,16:35:02,0 days 10:30:27.000000000,631
2017-10-16 17:15:38,0.0,M100,1 AV/125 ST,40.801966,-73.931361,INWOOD 220 ST via AMSTERDAM via BWAY,40.871902,-73.913101,NYCT_8394,40.810942,-73.95300999999999,W 125 ST/ST NICHOLAS AV,at stop,3.0,2017-10-16 17:15:45,17:20:02,0 days 00:41:02.000000000,42
2017-10-16 17:15:25,0.0,M100,1 AV/125 ST,40.801966,-73.931361,INWOOD 220 ST via AMSTERDAM via BWAY,40.871902,-73.913101,NYCT_4101,40.8109,-73.952912,W 125 ST/ST NICHOLAS AV,at stop,12.0,,17:13:02,,0
2017-10-17 08:26:51,0.0,M100,1 AV/125 ST,40.801966,-73.931361,INWOOD 220 ST via AMSTERDAM via BWAY,40.871902,-73.913101,NYCT_4371,40.810915,-73.952947,W 125 ST/ST NICHOLAS AV,at stop,9.0,2017-10-17 08:26:58,08:24:39,,0
2017-10-17 13:56:28,0.0,M100,1 AV/125 ST,40.801966,-73.931361,INWOOD 220 ST via AMSTERDAM via BWAY,40.871902,-73.913101,NYCT_4332,40.810947999999996,-73.953025,W 125 ST/ST NICHOLAS AV,at stop,1.0,2017-10-17 13:56:42,13:58:20,0 days 05:29:44.000000000,330
2017-10-17 18:46:33,0.0,M100,,,,INWOOD 220 ST via AMSTERDAM via BWAY,40.871902,-73.913101,NYCT_4406,40.810903,-73.95291800000001,W 125 ST/ST NICHOLAS AV,at stop,12.0,,,,0
2017-10-17 21:37:25,0.0,M100,1 AV/125 ST,40.801966,-73.931361,INWOOD 220 ST via AMSTERDAM via BWAY,40.871902,-73.913101,NYCT_4406,40.810936,-73.952995,W 125 ST/ST NICHOLAS AV,at stop,4.0,2017-10-17 21:37:52,21:35:15,,0
2017-10-17 22:57:27,0.0,M100,1 AV/125 ST,40.801966,-73.931361,INWOOD 220 ST via AMSTERDAM via BWAY,40.871902,-73.913101,NYCT_4332,40.810905,-73.952924,W 125 ST/ST NICHOLAS AV,at stop,11.0,,23:00:15,,0
2017-10-18 11:38:26,0.0,M100,1 AV/125 ST,40.801966,-73.931361,INWOOD 220 ST via AMSTERDAM via BWAY,40.871902,-73.913101,NYCT_8363,40.810827,-73.95274,W 125 ST/ST NICHOLAS AV,at stop,29.0,2017-10-18 11:39:17,11:36:20,,0
2017-10-18 18:08:13,0.0,M100,1 AV/125 ST,40.801966,-73.931361,INWOOD 220 ST via AMSTERDAM via BWAY,40.871902,-73.913101,NYCT_4223,40.810956,-73.95304300000001,W 125 ST/ST NICHOLAS AV,at stop,0.0,,17:59:20,,0
2017-10-18 19:28:47,0.0,M100,1 AV/125 ST,40.801966,-73.931361,INWOOD 220 ST via AMSTERDAM via BWAY,40.871902,-73.913101,NYCT_4350,40.810947999999996,-73.953024,W 125 ST/ST NICHOLAS AV,at stop,1.0,2017-10-18 19:28:50,19:21:39,,0
2017-10-18 19:28:47,0.0,M100,1 AV/125 ST,40.801966,-73.931361,INWOOD 220 ST via AMSTERDAM via BWAY,40.871902,-73.913101,NYCT_4350,40.810947999999996,-73.953024,W 125 ST/ST NICHOLAS AV,at stop,1.0,2017-10-18 19:28:50,19:22:29,0 days 00:00:00.000000000,0
2017-10-19 08:39:52,0.0,M100,1 AV/125 ST,40.801966,-73.931361,INWOOD 220 ST via AMSTERDAM via BWAY,40.871902,-73.913101,NYCT_4100,40.810956,-73.95304300000001,W 125 ST/ST NICHOLAS AV,at stop,0.0,2017-10-19 08:40:24,08:31:39,0 days 13:11:34.000000000,792
2017-10-19 09:19:24,0.0,M100,1 AV/125 ST,40.801966,-73.931361,INWOOD 220 ST via AMSTERDAM via BWAY,40.871902,-73.913101,NYCT_8389,40.810915,-73.952947,W 125 ST/ST NICHOLAS AV,at stop,9.0,,09:20:39,,0
2017-10-19 10:50:28,0.0,M100,1 AV/125 ST,40.801966,-73.931361,INWOOD 220 ST via AMSTERDAM via BWAY,40.871902,-73.913101,NYCT_4397,40.81088,-73.952865,W 125 ST/ST NICHOLAS AV,at stop,17.0,2017-10-19 10:50:39,10:46:20,,0
2017-10-19 18:42:27,0.0,M100,1 AV/125 ST,40.801966,-73.931361,INWOOD 220 ST via AMSTERDAM via BWAY,40.871902,-73.913101,NYCT_4371,40.810941,-73.953007,W 125 ST/ST NICHOLAS AV,at stop,3.0,2017-10-19 18:43:00,18:43:20,0 days 07:52:21.000000000,473
2017-10-19 20:12:54,0.0,M100,1 AV/125 ST,40.801966,-73.931361,INWOOD 220 ST via AMSTERDAM via BWAY,40.871902,-73.913101,NYCT_4348,40.810913,-73.95294100000001,W 125 ST/ST NICHOLAS AV,at stop,9.0,2017-10-19 20:13:06,20:14:48,0 days 01:30:06.000000000,91
2017-10-20 07:03:29,0.0,M100,1 AV/125 ST,40.801966,-73.931361,INWOOD 220 ST via AMSTERDAM via BWAY,40.871902,-73.913101,NYCT_8359,40.810956,-73.95304300000001,W 125 ST/ST NICHOLAS AV,at stop,0.0,,07:03:15,,0
2017-10-20 07:53:27,0.0,M100,1 AV/125 ST,40.801966,-73.931361,INWOOD 220 ST via AMSTERDAM via BWAY,40.871902,-73.913101,NYCT_4404,40.810956,-73.95304300000001,W 125 ST/ST NICHOLAS AV,at stop,0.0,,07:50:48,,0
2017-10-20 07:53:27,0.0,M100,1 AV/125 ST,40.801966,-73.931361,INWOOD 220 ST via AMSTERDAM via BWAY,40.871902,-73.913101,NYCT_4404,40.810956,-73.95304300000001,W 125 ST/ST NICHOLAS AV,at stop,0.0,,07:51:39,,0
2017-10-20 09:03:50,0.0,M100,1 AV/125 ST,40.801966,-73.931361,INWOOD 220 ST via AMSTERDAM via BWAY,40.871902,-73.913101,NYCT_8393,40.810899,-73.952908,W 125 ST/ST NICHOLAS AV,at stop,13.0,2017-10-20 09:04:35,09:01:39,,0
2017-10-20 12:33:27,0.0,M100,1 AV/125 ST,40.801966,-73.931361,INWOOD 220 ST via AMSTERDAM via BWAY,40.871902,-73.913101,NYCT_4370,40.810857,-73.952812,W 125 ST/ST NICHOLAS AV,at stop,22.0,2017-10-20 12:33:42,12:36:20,0 days 03:29:07.000000000,210
2017-10-20 14:24:07,0.0,M100,1 AV/125 ST,40.801966,-73.931361,INWOOD 220 ST via AMSTERDAM via BWAY,40.871902,-73.913101,NYCT_4404,40.810941,-73.953007,W 125 ST/ST NICHOLAS AV,at stop,3.0,2017-10-20 14:24:16,14:15:20,0 days 01:50:34.000000000,111
2017-10-20 16:43:25,0.0,M100,1 AV/125 ST,40.801966,-73.931361,INWOOD 220 ST via AMSTERDAM via BWAY,40.871902,-73.913101,NYCT_8359,40.810935,-73.95299399999999,W 125 ST/ST NICHOLAS AV,at stop,4.0,2017-10-20 16:43:42,16:43:02,0 days 02:19:26.000000000,140
2017-10-21 10:44:48,0.0,M100,1 AV/125 ST,40.801966,-73.931361,INWOOD 220 ST via AMSTERDAM via BWAY,40.871902,-73.913101,NYCT_4361,40.810898,-73.952907,W 125 ST/ST NICHOLAS AV,at stop,13.0,2017-10-21 10:45:25,10:45:06,0 days 18:01:43.000000000,1082
2017-10-22 13:27:20,0.0,M100,1 AV/125 ST,40.801966,-73.931361,INWOOD 220 ST via AMSTERDAM via BWAY,40.871902,-73.913101,NYCT_4360,40.810891999999996,-73.952894,W 125 ST/ST NICHOLAS AV,at stop,14.0,2017-10-22 13:27:27,13:26:57,1 days 02:42:02.000000000,1603
2017-10-22 18:46:58,0.0,M100,1 AV/125 ST,40.801966,-73.931361,INWOOD 220 ST via AMSTERDAM via BWAY,40.871902,-73.913101,NYCT_8380,40.810947,-73.953022,W 125 ST/ST NICHOLAS AV,at stop,2.0,2017-10-22 18:47:20,18:35:57,0 days 05:19:53.000000000,320
2017-10-22 19:27:20,0.0,M100,1 AV/125 ST,40.801966,-73.931361,INWOOD 220 ST via AMSTERDAM via BWAY,40.871902,-73.913101,NYCT_8374,40.810905,-73.952924,W 125 ST/ST NICHOLAS AV,at stop,11.0,2017-10-22 19:28:02,19:22:15,0 days 00:40:42.000000000,41
2017-10-23 14:08:52,0.0,M100,1 AV/125 ST,40.801966,-73.931361,INWOOD 220 ST via AMSTERDAM via BWAY,40.871902,-73.913101,NYCT_4363,40.810857,-73.952812,W 125 ST/ST NICHOLAS AV,at stop,22.0,2017-10-23 14:09:09,14:07:20,0 days 18:41:07.000000000,1122
2017-10-23 16:28:33,0.0,M100,1 AV/125 ST,40.801966,-73.931361,INWOOD 220 ST via AMSTERDAM via BWAY,40.871902,-73.913101,NYCT_4350,40.8109,-73.952912,W 125 ST/ST NICHOLAS AV,at stop,12.0,2017-10-23 16:28:42,16:28:02,0 days 02:19:33.000000000,140
2017-10-23 17:19:06,0.0,M100,1 AV/125 ST,40.801966,-73.931361,INWOOD 220 ST via AMSTERDAM via BWAY,40.871902,-73.913101,NYCT_4344,40.810956,-73.95304300000001,W 125 ST/ST NICHOLAS AV,at stop,0.0,,17:13:02,,0
2017-10-23 19:19:06,0.0,M100,1 AV/125 ST,40.801966,-73.931361,INWOOD 220 ST via AMSTERDAM via BWAY,40.871902,-73.913101,NYCT_4383,40.810868,-73.952837,W 125 ST/ST NICHOLAS AV,at stop,19.0,2017-10-23 19:19:50,19:12:29,,0
2017-10-23 19:38:56,0.0,M100,1 AV/125 ST,40.801966,-73.931361,INWOOD 220 ST via AMSTERDAM via BWAY,40.871902,-73.913101,NYCT_4350,40.810947999999996,-73.953024,W 125 ST/ST NICHOLAS AV,at stop,1.0,2017-10-23 19:39:05,19:42:29,0 days 00:19:15.000000000,20
2017-10-24 19:40:20,0.0,M100,1 AV/125 ST,40.801966,-73.931361,INWOOD 220 ST via AMSTERDAM via BWAY,40.871902,-73.913101,NYCT_4223,40.810868,-73.952837,W 125 ST/ST NICHOLAS AV,at stop,19.0,2017-10-24 19:40:33,19:42:29,1 days 00:01:28.000000000,1442
2017-10-24 23:21:03,0.0,M100,1 AV/125 ST,40.801966,-73.931361,INWOOD 220 ST via AMSTERDAM via BWAY,40.871902,-73.913101,NYCT_4136,40.81092,-73.95295899999999,W 125 ST/ST NICHOLAS AV,at stop,8.0,2017-10-24 23:21:22,23:22:43,0 days 03:40:49.000000000,221
2017-10-25 07:00:53,0.0,M100,1 AV/125 ST,40.801966,-73.931361,INWOOD 220 ST via AMSTERDAM via BWAY,40.871902,-73.913101,NYCT_4362,40.810946,-73.953019,W 125 ST/ST NICHOLAS AV,at stop,2.0,2017-10-25 07:01:12,07:03:15,0 days 07:39:50.000000000,460
2017-10-25 10:21:31,0.0,M100,1 AV/125 ST,40.801966,-73.931361,INWOOD 220 ST via AMSTERDAM via BWAY,40.871902,-73.913101,NYCT_8394,40.810842,-73.952776,W 125 ST/ST NICHOLAS AV,at stop,25.0,2017-10-25 10:21:49,10:26:20,0 days 03:20:37.000000000,201
2017-10-25 15:22:01,0.0,M100,1 AV/125 ST,40.801966,-73.931361,INWOOD 220 ST via AMSTERDAM via BWAY,40.871902,-73.913101,NYCT_4341,40.810949,-73.953026,W 125 ST/ST NICHOLAS AV,at stop,1.0,2017-10-25 15:22:33,15:23:11,0 days 05:00:44.000000000,301
2017-10-25 18:42:20,0.0,M100,1 AV/125 ST,40.801966,-73.931361,INWOOD 220 ST via AMSTERDAM via BWAY,40.871902,-73.913101,NYCT_4341,40.810903,-73.95291800000001,W 125 ST/ST NICHOLAS AV,at stop,12.0,2017-10-25 18:42:36,18:43:20,0 days 03:20:03.000000000,201
2017-10-26 09:03:14,0.0,M100,1 AV/125 ST,40.801966,-73.931361,INWOOD 220 ST via AMSTERDAM via BWAY,40.871902,-73.913101,NYCT_4379,40.810915,-73.952947,W 125 ST/ST NICHOLAS AV,at stop,9.0,,09:01:39,,0
2017-10-26 18:43:56,0.0,M100,1 AV/125 ST,40.801966,-73.931361,INWOOD 220 ST via AMSTERDAM via BWAY,40.871902,-73.913101,NYCT_4382,40.810947999999996,-73.953025,W 125 ST/ST NICHOLAS AV,at stop,1.0,,18:43:20,,0
2017-10-26 19:13:01,0.0,M100,1 AV/125 ST,40.801966,-73.931361,INWOOD 220 ST via AMSTERDAM via BWAY,40.871902,-73.913101,NYCT_8390,40.810884,-73.952874,W 125 ST/ST NICHOLAS AV,at stop,16.0,,19:12:29,,0
2017-10-26 20:13:56,0.0,M100,1 AV/125 ST,40.801966,-73.931361,INWOOD 220 ST via AMSTERDAM via BWAY,40.871902,-73.913101,NYCT_4381,40.810913,-73.95294100000001,W 125 ST/ST NICHOLAS AV,at stop,9.0,2017-10-26 20:14:34,20:14:48,,0
2017-10-27 07:24:42,0.0,M100,1 AV/125 ST,40.801966,-73.931361,INWOOD 220 ST via AMSTERDAM via BWAY,40.871902,-73.913101,NYCT_4354,40.810866,-73.952831,W 125 ST/ST NICHOLAS AV,at stop,20.0,,07:27:39,,0
2017-10-27 11:14:07,0.0,M100,1 AV/125 ST,40.801966,-73.931361,INWOOD 220 ST via AMSTERDAM via BWAY,40.871902,-73.913101,NYCT_4353,40.810895,-73.952901,W 125 ST/ST NICHOLAS AV,at stop,13.0,,11:06:20,,0
2017-10-27 11:25:19,0.0,M100,1 AV/125 ST,40.801966,-73.931361,INWOOD 220 ST via AMSTERDAM via BWAY,40.871902,-73.913101,NYCT_4225,40.810941,-73.953007,W 125 ST/ST NICHOLAS AV,at stop,3.0,2017-10-27 11:25:25,11:26:20,,0
2017-10-28 20:38:47,0.0,M100,1 AV/125 ST,40.801966,-73.931361,INWOOD 220 ST via AMSTERDAM via BWAY,40.871902,-73.913101,NYCT_4376,40.810883000000004,-73.952873,W 125 ST/ST NICHOLAS AV,at stop,16.0,2017-10-28 20:39:01,20:25:57,1 days 09:13:36.000000000,1994
2017-10-28 20:38:52,0.0,M100,1 AV/125 ST,40.801966,-73.931361,INWOOD 220 ST via AMSTERDAM via BWAY,40.871902,-73.913101,NYCT_4107,40.810838000000004,-73.952766,W 125 ST/ST NICHOLAS AV,at stop,26.0,2017-10-28 20:39:09,20:40:57,0 days 00:00:08.000000000,1
2017-10-29 15:29:15,0.0,M100,1 AV/125 ST,40.801966,-73.931361,INWOOD 220 ST via AMSTERDAM via BWAY,40.871902,-73.913101,NYCT_4368,40.810865,-73.95283,W 125 ST/ST NICHOLAS AV,at stop,20.0,,15:29:57,,0
2017-10-30 08:06:18,0.0,M100,1 AV/125 ST,40.801966,-73.931361,INWOOD 220 ST via AMSTERDAM via BWAY,40.871902,-73.913101,NYCT_4347,40.810947999999996,-73.953024,W 125 ST/ST NICHOLAS AV,at stop,1.0,2017-10-30 08:06:19,07:50:48,,0
2017-10-30 08:06:18,0.0,M100,1 AV/125 ST,40.801966,-73.931361,INWOOD 220 ST via AMSTERDAM via BWAY,40.871902,-73.913101,NYCT_4347,40.810947999999996,-73.953024,W 125 ST/ST NICHOLAS AV,at stop,1.0,2017-10-30 08:06:19,07:51:39,0 days 00:00:00.000000000,0
2017-10-30 08:16:01,0.0,M100,1 AV/125 ST,40.801966,-73.931361,INWOOD 220 ST via AMSTERDAM via BWAY,40.871902,-73.913101,NYCT_4385,40.810956,-73.95304300000001,W 125 ST/ST NICHOLAS AV,at stop,0.0,,08:15:48,,0
2017-10-30 08:16:01,0.0,M100,1 AV/125 ST,40.801966,-73.931361,INWOOD 220 ST via AMSTERDAM via BWAY,40.871902,-73.913101,NYCT_4385,40.810956,-73.95304300000001,W 125 ST/ST NICHOLAS AV,at stop,0.0,,08:16:39,,0
2017-10-30 12:35:38,0.0,M100,1 AV/125 ST,40.801966,-73.931361,INWOOD 220 ST via AMSTERDAM via BWAY,40.871902,-73.913101,NYCT_8398,40.810956,-73.95304300000001,W 125 ST/ST NICHOLAS AV,at stop,0.0,,12:36:20,,0
2017-10-30 16:26:44,0.0,M100,1 AV/125 ST,40.801966,-73.931361,INWOOD 220 ST via AMSTERDAM via BWAY,40.871902,-73.913101,NYCT_4359,40.810949,-73.953027,W 125 ST/ST NICHOLAS AV,at stop,1.0,2017-10-30 16:26:50,16:28:02,,0
2017-10-30 18:36:54,0.0,M100,1 AV/125 ST,40.801966,-73.931361,INWOOD 220 ST via AMSTERDAM via BWAY,40.871902,-73.913101,NYCT_8397,40.810888,-73.952883,W 125 ST/ST NICHOLAS AV,at stop,15.0,2017-10-30 18:37:08,18:35:20,0 days 02:10:18.000000000,131
2017-10-30 21:57:02,0.0,M100,1 AV/125 ST,40.801966,-73.931361,INWOOD 220 ST via AMSTERDAM via BWAY,40.871902,-73.913101,NYCT_8362,40.810946,-73.953019,W 125 ST/ST NICHOLAS AV,at stop,2.0,2017-10-30 21:57:12,21:55:15,0 days 03:20:04.000000000,201
2017-10-31 13:07:29,0.0,M100,1 AV/125 ST,40.801966,-73.931361,INWOOD 220 ST via AMSTERDAM via BWAY,40.871902,-73.913101,NYCT_4365,40.810956,-73.95304300000001,W 125 ST/ST NICHOLAS AV,at stop,0.0,,13:05:20,,0
2017-10-31 21:38:07,0.0,M100,1 AV/125 ST,40.801966,-73.931361,INWOOD 220 ST via AMSTERDAM via BWAY,40.871902,-73.913101,NYCT_4343,40.810905,-73.952924,W 125 ST/ST NICHOLAS AV,at stop,11.0,2017-10-31 21:38:31,21:35:15,,0
2017-12-01 06:56:54,0.0,M100,1 AV/125 ST,40.801966,-73.931361,INWOOD 220 ST via AMSTERDAM via BWAY,40.871902,-73.913101,NYCT_4386,40.810956,-73.95304300000001,W 125 ST/ST NICHOLAS AV,at stop,0.0,,06:47:15,,0
2017-12-01 12:07:43,0.0,M100,1 AV/125 ST,40.801966,-73.931361,INWOOD 220 ST via AMSTERDAM via BWAY,40.871902,-73.913101,NYCT_8384,40.810903,-73.95291800000001,W 125 ST/ST NICHOLAS AV,at stop,12.0,2017-12-01 12:07:52,12:06:20,,0
2017-12-01 13:17:49,0.0,M100,1 AV/125 ST,40.801966,-73.931361,INWOOD 220 ST via AMSTERDAM via BWAY,40.871902,-73.913101,NYCT_8395,40.810895,-73.952901,W 125 ST/ST NICHOLAS AV,at stop,13.0,2017-12-01 13:17:58,13:13:20,0 days 01:10:06.000000000,71
2017-12-01 14:07:10,0.0,M100,1 AV/125 ST,40.801966,-73.931361,INWOOD 220 ST via AMSTERDAM via BWAY,40.871902,-73.913101,NYCT_4378,40.810895,-73.952901,W 125 ST/ST NICHOLAS AV,at stop,13.0,2017-12-01 14:07:18,13:43:20,0 days 00:49:20.000000000,50
2017-12-01 20:57:50,0.0,M100,1 AV/125 ST,40.801966,-73.931361,INWOOD 220 ST via AMSTERDAM via BWAY,40.871902,-73.913101,NYCT_4336,40.810956,-73.95304300000001,W 125 ST/ST NICHOLAS AV,at stop,0.0,,21:00:15,,0
2017-12-02 07:58:43,0.0,M100,1 AV/125 ST,40.801966,-73.931361,INWOOD 220 ST via AMSTERDAM via BWAY,40.871902,-73.913101,NYCT_4226,40.810944,-73.95301500000001,W 125 ST/ST NICHOLAS AV,at stop,2.0,2017-12-02 07:59:11,07:59:43,,0
2017-12-02 10:58:23,0.0,M100,1 AV/125 ST,40.801966,-73.931361,INWOOD 220 ST via AMSTERDAM via BWAY,40.871902,-73.913101,NYCT_8394,40.810956,-73.95304300000001,W 125 ST/ST NICHOLAS AV,at stop,0.0,2017-12-02 10:58:37,10:57:06,0 days 02:59:26.000000000,180
2017-12-02 18:59:03,0.0,M100,1 AV/125 ST,40.801966,-73.931361,INWOOD 220 ST via AMSTERDAM via BWAY,40.871902,-73.913101,NYCT_8392,40.810947999999996,-73.953024,W 125 ST/ST NICHOLAS AV,at stop,1.0,2017-12-02 18:59:30,18:58:29,0 days 08:00:53.000000000,481
2017-12-03 20:31:14,0.0,M100,1 AV/125 ST,40.801966,-73.931361,INWOOD 220 ST via AMSTERDAM via BWAY,40.871902,-73.913101,NYCT_4220,40.810854,-73.952804,W 125 ST/ST NICHOLAS AV,at stop,23.0,2017-12-03 20:31:30,20:32:34,1 days 01:32:00.000000000,1532
2017-12-04 09:32:03,0.0,M100,1 AV/125 ST,40.801966,-73.931361,INWOOD 220 ST via AMSTERDAM via BWAY,40.871902,-73.913101,NYCT_4334,40.810833,-73.952754,W 125 ST/ST NICHOLAS AV,at stop,27.0,2017-12-04 09:32:22,09:33:39,0 days 13:00:52.000000000,781
2017-12-04 11:32:13,0.0,M100,1 AV/125 ST,40.801966,-73.931361,INWOOD 220 ST via AMSTERDAM via BWAY,40.871902,-73.913101,NYCT_8380,40.810933,-73.95299,W 125 ST/ST NICHOLAS AV,at stop,5.0,2017-12-04 11:32:26,11:36:20,0 days 02:00:04.000000000,121
2017-12-04 13:12:21,0.0,M100,1 AV/125 ST,40.801966,-73.931361,INWOOD 220 ST via AMSTERDAM via BWAY,40.871902,-73.913101,NYCT_8389,40.810956,-73.95304300000001,W 125 ST/ST NICHOLAS AV,at stop,0.0,,13:13:20,,0
2017-12-04 15:32:21,0.0,M100,1 AV/125 ST,40.801966,-73.931361,INWOOD 220 ST via AMSTERDAM via BWAY,40.871902,-73.913101,NYCT_8385,40.810956,-73.95304300000001,W 125 ST/ST NICHOLAS AV,at stop,0.0,2017-12-04 15:32:28,15:32:11,,0
2017-12-05 12:54:36,0.0,M100,1 AV/125 ST,40.801966,-73.931361,INWOOD 220 ST via AMSTERDAM via BWAY,40.871902,-73.913101,NYCT_4407,40.810903,-73.95291800000001,W 125 ST/ST NICHOLAS AV,at stop,12.0,,12:56:20,,0
2017-12-05 13:14:56,0.0,M100,1 AV/125 ST,40.801966,-73.931361,INWOOD 220 ST via AMSTERDAM via BWAY,40.871902,-73.913101,NYCT_8362,40.810911,-73.952936,W 125 ST/ST NICHOLAS AV,at stop,10.0,2017-12-05 13:15:03,13:13:20,,0
2017-12-05 16:14:02,0.0,M100,1 AV/125 ST,40.801966,-73.931361,INWOOD 220 ST via AMSTERDAM via BWAY,40.871902,-73.913101,NYCT_8389,40.810927,-73.952974,W 125 ST/ST NICHOLAS AV,at stop,6.0,2017-12-05 16:14:38,16:04:11,0 days 02:59:35.000000000,180
2017-12-05 19:16:11,0.0,M100,1 AV/125 ST,40.801966,-73.931361,INWOOD 220 ST via AMSTERDAM via BWAY,40.871902,-73.913101,NYCT_8375,40.810947999999996,-73.953024,W 125 ST/ST NICHOLAS AV,at stop,1.0,,19:12:29,,0
2017-12-05 19:46:15,0.0,M100,1 AV/125 ST,40.801966,-73.931361,INWOOD 220 ST via AMSTERDAM via BWAY,40.871902,-73.913101,NYCT_8362,40.810956,-73.95304300000001,W 125 ST/ST NICHOLAS AV,at stop,0.0,,19:50:48,,0
2017-12-05 22:36:15,0.0,M100,1 AV/125 ST,40.801966,-73.931361,INWOOD 220 ST via AMSTERDAM via BWAY,40.871902,-73.913101,NYCT_8362,40.810946,-73.953019,W 125 ST/ST NICHOLAS AV,at stop,2.0,2017-12-05 22:36:20,22:35:15,,0
2017-12-06 11:06:31,0.0,M100,1 AV/125 ST,40.801966,-73.931361,INWOOD 220 ST via AMSTERDAM via BWAY,40.871902,-73.913101,NYCT_4349,40.810865,-73.95282900000001,W 125 ST/ST NICHOLAS AV,at stop,20.0,2017-12-06 11:07:03,11:06:20,0 days 12:30:43.000000000,751
2017-12-06 18:18:00,0.0,M100,1 AV/125 ST,40.801966,-73.931361,INWOOD 220 ST via AMSTERDAM via BWAY,40.871902,-73.913101,NYCT_4099,40.810947999999996,-73.953025,W 125 ST/ST NICHOLAS AV,at stop,1.0,,18:19:20,,0
2017-12-07 08:49:02,0.0,M100,1 AV/125 ST,40.801966,-73.931361,INWOOD 220 ST via AMSTERDAM via BWAY,40.871902,-73.913101,NYCT_4366,40.810947999999996,-73.953024,W 125 ST/ST NICHOLAS AV,at stop,1.0,2017-12-07 08:49:17,08:39:39,,0
2017-12-07 15:38:43,0.0,M100,1 AV/125 ST,40.801966,-73.931361,INWOOD 220 ST via AMSTERDAM via BWAY,40.871902,-73.913101,NYCT_4388,40.810949,-73.953026,W 125 ST/ST NICHOLAS AV,at stop,1.0,,15:40:11,,0
2017-12-08 05:20:19,0.0,M100,1 AV/125 ST,40.801966,-73.931361,INWOOD 220 ST via AMSTERDAM via BWAY,40.871902,-73.913101,NYCT_8390,40.810914000000004,-73.952945,W 125 ST/ST NICHOLAS AV,at stop,9.0,2017-12-08 05:20:41,05:22:10,,0
2017-12-08 13:59:54,0.0,M100,1 AV/125 ST,40.801966,-73.931361,INWOOD 220 ST via AMSTERDAM via BWAY,40.871902,-73.913101,NYCT_4369,40.810947999999996,-73.953025,W 125 ST/ST NICHOLAS AV,at stop,1.0,,13:50:20,,0
2017-12-08 15:10:05,0.0,M100,1 AV/125 ST,40.801966,-73.931361,INWOOD 220 ST via AMSTERDAM via BWAY,40.871902,-73.913101,NYCT_4333,40.810905,-73.952923,W 125 ST/ST NICHOLAS AV,at stop,11.0,2017-12-08 15:10:41,15:06:11,,0
2017-12-08 19:21:23,0.0,M100,1 AV/125 ST,40.801966,-73.931361,INWOOD 220 ST via AMSTERDAM via BWAY,40.871902,-73.913101,NYCT_8380,40.810868,-73.952837,W 125 ST/ST NICHOLAS AV,at stop,19.0,2017-12-08 19:21:36,19:21:39,0 days 04:10:55.000000000,251
2017-12-09 07:41:41,0.0,M100,1 AV/125 ST,40.801966,-73.931361,INWOOD 220 ST via AMSTERDAM via BWAY,40.871902,-73.913101,NYCT_4575,40.810904,-73.95292099999999,W 125 ST/ST NICHOLAS AV,at stop,11.0,2017-12-09 07:42:09,07:38:52,0 days 12:20:33.000000000,741
2017-12-09 14:22:43,0.0,M100,1 AV/125 ST,40.801966,-73.931361,INWOOD 220 ST via AMSTERDAM via BWAY,40.871902,-73.913101,NYCT_6856,40.81092,-73.952958,W 125 ST/ST NICHOLAS AV,at stop,8.0,2017-12-09 14:22:57,14:27:57,0 days 06:40:48.000000000,401
2017-12-11 08:45:46,0.0,M100,1 AV/125 ST,40.801966,-73.931361,INWOOD 220 ST via AMSTERDAM via BWAY,40.871902,-73.913101,NYCT_4380,40.810947999999996,-73.953024,W 125 ST/ST NICHOLAS AV,at stop,1.0,2017-12-11 08:45:54,08:46:39,1 days 18:22:57.000000000,2543
2017-12-11 11:26:02,0.0,M100,1 AV/125 ST,40.801966,-73.931361,INWOOD 220 ST via AMSTERDAM via BWAY,40.871902,-73.913101,NYCT_4404,40.810926,-73.952972,W 125 ST/ST NICHOLAS AV,at stop,6.0,2017-12-11 11:26:07,11:26:20,0 days 02:40:13.000000000,161
2017-12-11 12:15:15,0.0,M100,1 AV/125 ST,40.801966,-73.931361,INWOOD 220 ST via AMSTERDAM via BWAY,40.871902,-73.913101,NYCT_8374,40.810888,-73.952883,W 125 ST/ST NICHOLAS AV,at stop,15.0,2017-12-11 12:15:25,12:16:20,0 days 00:49:18.000000000,50
2017-12-11 14:46:12,0.0,M100,1 AV/125 ST,40.801966,-73.931361,INWOOD 220 ST via AMSTERDAM via BWAY,40.871902,-73.913101,NYCT_8389,40.810949,-73.953026,W 125 ST/ST NICHOLAS AV,at stop,1.0,2017-12-11 14:46:18,14:49:11,0 days 02:30:53.000000000,151
2017-12-11 16:16:14,0.0,M100,1 AV/125 ST,40.801966,-73.931361,INWOOD 220 ST via AMSTERDAM via BWAY,40.871902,-73.913101,NYCT_8387,40.810898,-73.952906,W 125 ST/ST NICHOLAS AV,at stop,13.0,2017-12-11 16:16:53,16:19:11,0 days 01:30:35.000000000,91
2017-12-11 19:46:32,0.0,M100,1 AV/125 ST,40.801966,-73.931361,INWOOD 220 ST via AMSTERDAM via BWAY,40.871902,-73.913101,NYCT_8397,40.810895,-73.9529,W 125 ST/ST NICHOLAS AV,at stop,13.0,2017-12-11 19:46:41,19:50:48,0 days 03:29:48.000000000,210
2017-12-12 08:56:50,0.0,M100,1 AV/125 ST,40.801966,-73.931361,INWOOD 220 ST via AMSTERDAM via BWAY,40.871902,-73.913101,NYCT_4330,40.810947999999996,-73.953024,W 125 ST/ST NICHOLAS AV,at stop,1.0,,08:54:39,,0
2017-12-12 11:07:21,0.0,M100,1 AV/125 ST,40.801966,-73.931361,INWOOD 220 ST via AMSTERDAM via BWAY,40.871902,-73.913101,NYCT_4375,40.810941,-73.953007,W 125 ST/ST NICHOLAS AV,at stop,3.0,2017-12-12 11:07:51,11:06:20,,0
2017-12-12 11:27:21,0.0,M100,1 AV/125 ST,40.801966,-73.931361,INWOOD 220 ST via AMSTERDAM via BWAY,40.871902,-73.913101,NYCT_4223,40.810895,-73.952901,W 125 ST/ST NICHOLAS AV,at stop,13.0,2017-12-12 11:27:52,11:26:20,0 days 00:20:01.000000000,21
2017-12-12 16:57:21,0.0,M100,1 AV/125 ST,40.801966,-73.931361,INWOOD 220 ST via AMSTERDAM via BWAY,40.871902,-73.913101,NYCT_4334,40.810956,-73.95304300000001,W 125 ST/ST NICHOLAS AV,at stop,0.0,,16:50:02,,0
2017-12-12 21:38:09,0.0,M100,1 AV/125 ST,40.801966,-73.931361,INWOOD 220 ST via AMSTERDAM via BWAY,40.871902,-73.913101,NYCT_4341,40.810926,-73.952972,W 125 ST/ST NICHOLAS AV,at stop,6.0,2017-12-12 21:38:33,21:35:15,,0
2017-12-13 20:10:02,0.0,M100,1 AV/125 ST,40.801966,-73.931361,INWOOD 220 ST via AMSTERDAM via BWAY,40.871902,-73.913101,NYCT_4399,40.810895,-73.9529,W 125 ST/ST NICHOLAS AV,at stop,13.0,2017-12-13 20:10:10,20:02:48,0 days 22:31:37.000000000,1352
2017-12-14 12:21:13,0.0,M100,1 AV/125 ST,40.801966,-73.931361,INWOOD 220 ST via AMSTERDAM via BWAY,40.871902,-73.913101,NYCT_4353,40.81085,-73.952794,W 125 ST/ST NICHOLAS AV,at stop,24.0,2017-12-14 12:21:31,12:26:20,0 days 16:11:21.000000000,972
2017-12-14 13:41:08,0.0,M100,1 AV/125 ST,40.801966,-73.931361,INWOOD 220 ST via AMSTERDAM via BWAY,40.871902,-73.913101,NYCT_4100,40.81088,-73.952865,W 125 ST/ST NICHOLAS AV,at stop,17.0,2017-12-14 13:41:19,13:50:20,0 days 01:19:48.000000000,80
2017-12-15 08:11:53,0.0,M100,1 AV/125 ST,40.801966,-73.931361,INWOOD 220 ST via AMSTERDAM via BWAY,40.871902,-73.913101,NYCT_8387,40.810899,-73.952908,W 125 ST/ST NICHOLAS AV,at stop,13.0,,08:07:39,,0
2017-12-16 16:31:21,0.0,M100,1 AV/125 ST,40.801966,-73.931361,INWOOD 220 ST via AMSTERDAM via BWAY,40.871902,-73.913101,NYCT_8386,40.810947,-73.953023,W 125 ST/ST NICHOLAS AV,at stop,1.0,,16:28:48,,0
2017-12-16 20:41:52,0.0,M100,1 AV/125 ST,40.801966,-73.931361,INWOOD 220 ST via AMSTERDAM via BWAY,40.871902,-73.913101,NYCT_4374,40.810856,-73.952809,W 125 ST/ST NICHOLAS AV,at stop,22.0,2017-12-16 20:42:06,20:40:57,,0
2017-12-16 23:21:22,0.0,M100,1 AV/125 ST,40.801966,-73.931361,INWOOD 220 ST via AMSTERDAM via BWAY,40.871902,-73.913101,NYCT_4342,40.810933,-73.95299,W 125 ST/ST NICHOLAS AV,at stop,5.0,2017-12-16 23:21:49,23:22:34,0 days 02:39:43.000000000,160
2017-12-18 12:54:44,0.0,M100,1 AV/125 ST,40.801966,-73.931361,INWOOD 220 ST via AMSTERDAM via BWAY,40.871902,-73.913101,NYCT_8363,40.810918,-73.952954,W 125 ST/ST NICHOLAS AV,at stop,8.0,2017-12-18 12:55:00,12:56:20,1 days 13:33:11.000000000,2254
2017-12-18 14:14:58,0.0,M100,1 AV/125 ST,40.801966,-73.931361,INWOOD 220 ST via AMSTERDAM via BWAY,40.871902,-73.913101,NYCT_4346,40.810933,-73.95299,W 125 ST/ST NICHOLAS AV,at stop,5.0,2017-12-18 14:15:06,14:15:20,0 days 01:20:06.000000000,81
2017-12-18 14:35:02,0.0,M100,1 AV/125 ST,40.801966,-73.931361,INWOOD 220 ST via AMSTERDAM via BWAY,40.871902,-73.913101,NYCT_4356,40.810949,-73.953026,W 125 ST/ST NICHOLAS AV,at stop,1.0,2017-12-18 14:35:08,14:32:11,0 days 00:20:02.000000000,21
2017-12-18 15:34:14,0.0,M100,1 AV/125 ST,40.801966,-73.931361,INWOOD 220 ST via AMSTERDAM via BWAY,40.871902,-73.913101,NYCT_4341,40.810927,-73.952974,W 125 ST/ST NICHOLAS AV,at stop,6.0,2017-12-18 15:34:38,15:32:11,0 days 00:59:30.000000000,60
2017-12-19 09:06:14,0.0,M100,1 AV/125 ST,40.801966,-73.931361,INWOOD 220 ST via AMSTERDAM via BWAY,40.871902,-73.913101,NYCT_8375,40.810915,-73.952947,W 125 ST/ST NICHOLAS AV,at stop,9.0,,08:54:39,,0
2017-12-19 15:36:25,0.0,M100,1 AV/125 ST,40.801966,-73.931361,INWOOD 220 ST via AMSTERDAM via BWAY,40.871902,-73.913101,NYCT_8375,40.810912,-73.95294,W 125 ST/ST NICHOLAS AV,at stop,9.0,,15:40:11,,0
2017-12-20 13:37:58,0.0,M100,1 AV/125 ST,40.801966,-73.931361,INWOOD 220 ST via AMSTERDAM via BWAY,40.871902,-73.913101,NYCT_4369,40.810933,-73.95299,W 125 ST/ST NICHOLAS AV,at stop,5.0,2017-12-20 13:38:19,13:35:20,,0
2017-12-20 14:47:52,0.0,M100,,,,INWOOD 220 ST via AMSTERDAM via BWAY,40.871902,-73.913101,NYCT_4398,40.810956,-73.95304300000001,W 125 ST/ST NICHOLAS AV,at stop,0.0,2017-12-20 14:47:56,,0 days 01:09:37.000000000,70
2017-12-20 16:07:30,0.0,M100,1 AV/125 ST,40.801966,-73.931361,INWOOD 220 ST via AMSTERDAM via BWAY,40.871902,-73.913101,NYCT_4399,40.810927,-73.952974,W 125 ST/ST NICHOLAS AV,at stop,6.0,2017-12-20 16:07:46,16:04:11,0 days 01:19:50.000000000,80
2017-12-22 07:50:52,0.0,M100,1 AV/125 ST,40.801966,-73.931361,INWOOD 220 ST via AMSTERDAM via BWAY,40.871902,-73.913101,NYCT_8365,40.81089,-73.952889,W 125 ST/ST NICHOLAS AV,at stop,14.0,,07:50:48,,0
2017-12-22 13:41:19,0.0,M100,1 AV/125 ST,40.801966,-73.931361,INWOOD 220 ST via AMSTERDAM via BWAY,40.871902,-73.913101,NYCT_8359,40.810947999999996,-73.953025,W 125 ST/ST NICHOLAS AV,at stop,1.0,,13:43:20,,0
2017-12-22 17:01:26,0.0,M100,1 AV/125 ST,40.801966,-73.931361,INWOOD 220 ST via AMSTERDAM via BWAY,40.871902,-73.913101,NYCT_8359,40.810949,-73.953027,W 125 ST/ST NICHOLAS AV,at stop,1.0,2017-12-22 17:01:59,17:05:02,,0
2017-12-23 10:32:40,0.0,M100,1 AV/125 ST,40.801966,-73.931361,INWOOD 220 ST via AMSTERDAM via BWAY,40.871902,-73.913101,NYCT_4378,40.810888,-73.952884,W 125 ST/ST NICHOLAS AV,at stop,15.0,2017-12-23 10:33:00,10:33:06,0 days 17:31:01.000000000,1052
2017-12-23 11:32:17,0.0,M100,1 AV/125 ST,40.801966,-73.931361,INWOOD 220 ST via AMSTERDAM via BWAY,40.871902,-73.913101,NYCT_4101,40.810937,-73.952998,W 125 ST/ST NICHOLAS AV,at stop,4.0,2017-12-23 11:32:35,11:33:06,0 days 00:59:35.000000000,60
2017-12-23 19:22:12,0.0,M100,1 AV/125 ST,40.801966,-73.931361,INWOOD 220 ST via AMSTERDAM via BWAY,40.871902,-73.913101,NYCT_4222,40.810956,-73.95304300000001,W 125 ST/ST NICHOLAS AV,at stop,0.0,,19:19:57,,0
2017-12-24 13:13:41,0.0,M100,1 AV/125 ST,40.801966,-73.931361,INWOOD 220 ST via AMSTERDAM via BWAY,40.871902,-73.913101,NYCT_8383,40.810846999999995,-73.952787,W 125 ST/ST NICHOLAS AV,at stop,24.0,2017-12-24 13:13:53,13:11:57,,0
2017-12-24 19:33:19,0.0,M100,1 AV/125 ST,40.801966,-73.931361,INWOOD 220 ST via AMSTERDAM via BWAY,40.871902,-73.913101,NYCT_8389,40.810895,-73.9529,W 125 ST/ST NICHOLAS AV,at stop,13.0,2017-12-24 19:33:32,19:34:15,0 days 06:19:39.000000000,380
2017-12-24 21:53:44,0.0,M100,1 AV/125 ST,40.801966,-73.931361,INWOOD 220 ST via AMSTERDAM via BWAY,40.871902,-73.913101,NYCT_4222,40.810888,-73.952884,W 125 ST/ST NICHOLAS AV,at stop,15.0,2017-12-24 21:54:06,21:53:34,0 days 02:20:34.000000000,141
2017-12-25 06:14:21,0.0,M100,1 AV/125 ST,40.801966,-73.931361,INWOOD 220 ST via AMSTERDAM via BWAY,40.871902,-73.913101,NYCT_8385,40.81093,-73.95298199999999,W 125 ST/ST NICHOLAS AV,at stop,5.0,2017-12-25 06:14:40,06:16:52,0 days 08:20:34.000000000,501
2017-12-25 14:05:29,0.0,M100,1 AV/125 ST,40.801966,-73.931361,INWOOD 220 ST via AMSTERDAM via BWAY,40.871902,-73.913101,NYCT_8390,40.810928999999994,-73.952979,W 125 ST/ST NICHOLAS AV,at stop,6.0,2017-12-25 14:05:38,14:05:57,0 days 07:50:58.000000000,471
2017-12-26 09:26:55,0.0,M100,1 AV/125 ST,40.801966,-73.931361,INWOOD 220 ST via AMSTERDAM via BWAY,40.871902,-73.913101,NYCT_4367,40.810946,-73.95302,W 125 ST/ST NICHOLAS AV,at stop,2.0,2017-12-26 09:26:57,09:25:06,0 days 19:21:19.000000000,1162
2017-12-27 12:58:20,0.0,M100,1 AV/125 ST,40.801966,-73.931361,INWOOD 220 ST via AMSTERDAM via BWAY,40.871902,-73.913101,NYCT_8369,40.810926,-73.952972,W 125 ST/ST NICHOLAS AV,at stop,6.0,2017-12-27 12:58:38,12:54:20,1 days 03:31:41.000000000,1652
2017-12-27 14:18:17,0.0,M100,1 AV/125 ST,40.801966,-73.931361,INWOOD 220 ST via AMSTERDAM via BWAY,40.871902,-73.913101,NYCT_4371,40.810895,-73.952901,W 125 ST/ST NICHOLAS AV,at stop,13.0,2017-12-27 14:18:43,14:19:20,0 days 01:20:05.000000000,81
2017-12-27 20:28:41,0.0,M100,1 AV/125 ST,40.801966,-73.931361,INWOOD 220 ST via AMSTERDAM via BWAY,40.871902,-73.913101,NYCT_8387,40.810849,-73.952792,W 125 ST/ST NICHOLAS AV,at stop,24.0,,20:30:24,,0
2017-12-28 14:10:06,0.0,M100,1 AV/125 ST,40.801966,-73.931361,INWOOD 220 ST via AMSTERDAM via BWAY,40.871902,-73.913101,NYCT_8379,40.810911,-73.952936,W 125 ST/ST NICHOLAS AV,at stop,10.0,2017-12-28 14:10:22,14:01:20,,0
2017-12-29 09:41:35,0.0,M100,1 AV/125 ST,40.801966,-73.931361,INWOOD 220 ST via AMSTERDAM via BWAY,40.871902,-73.913101,NYCT_4225,40.810908000000005,-73.95293000000001,W 125 ST/ST NICHOLAS AV,at stop,10.0,2017-12-29 09:41:48,09:37:06,0 days 19:31:26.000000000,1172
2017-12-29 09:41:35,0.0,M100,1 AV/125 ST,40.801966,-73.931361,INWOOD 220 ST via AMSTERDAM via BWAY,40.871902,-73.913101,NYCT_4225,40.810908000000005,-73.95293000000001,W 125 ST/ST NICHOLAS AV,at stop,10.0,2017-12-29 09:41:48,09:37:06,0 days 00:00:00.000000000,0
2017-12-29 16:52:17,0.0,M100,1 AV/125 ST,40.801966,-73.931361,INWOOD 220 ST via AMSTERDAM via BWAY,40.871902,-73.913101,NYCT_4349,40.810956,-73.95304300000001,W 125 ST/ST NICHOLAS AV,at stop,0.0,,16:46:39,,0
2017-12-29 17:02:01,0.0,M100,1 AV/125 ST,40.801966,-73.931361,INWOOD 220 ST via AMSTERDAM via BWAY,40.871902,-73.913101,NYCT_4330,40.810922999999995,-73.952966,W 125 ST/ST NICHOLAS AV,at stop,7.0,2017-12-29 17:02:19,17:01:39,,0
2017-12-29 18:22:18,0.0,M100,1 AV/125 ST,40.801966,-73.931361,INWOOD 220 ST via AMSTERDAM via BWAY,40.871902,-73.913101,NYCT_4220,40.810878,-73.95286,W 125 ST/ST NICHOLAS AV,at stop,17.0,2017-12-29 18:22:27,18:07:48,0 days 01:20:08.000000000,81
2017-12-30 17:43:27,0.0,M100,1 AV/125 ST,40.801966,-73.931361,INWOOD 220 ST via AMSTERDAM via BWAY,40.871902,-73.913101,NYCT_5198,40.810947,-73.953023,W 125 ST/ST NICHOLAS AV,at stop,1.0,2017-12-30 17:43:59,17:32:48,0 days 23:21:32.000000000,1402
2017-12-31 06:34:35,0.0,M100,1 AV/125 ST,40.801966,-73.931361,INWOOD 220 ST via AMSTERDAM via BWAY,40.871902,-73.913101,NYCT_8379,40.810839,-73.952768,W 125 ST/ST NICHOLAS AV,at stop,26.0,2017-12-31 06:34:44,06:36:52,0 days 12:50:45.000000000,771
2017-12-31 12:04:53,0.0,M100,1 AV/125 ST,40.801966,-73.931361,INWOOD 220 ST via AMSTERDAM via BWAY,40.871902,-73.913101,NYCT_8368,40.810895,-73.9529,W 125 ST/ST NICHOLAS AV,at stop,13.0,2017-12-31 12:05:06,12:04:15,0 days 05:30:22.000000000,331
2017-12-31 14:14:55,0.0,M100,1 AV/125 ST,40.801966,-73.931361,INWOOD 220 ST via AMSTERDAM via BWAY,40.871902,-73.913101,NYCT_4347,40.810947,-73.953022,W 125 ST/ST NICHOLAS AV,at stop,2.0,2017-12-31 14:15:15,14:17:57,0 days 02:10:09.000000000,131
2017-12-31 15:14:49,0.0,M100,1 AV/125 ST,40.801966,-73.931361,INWOOD 220 ST via AMSTERDAM via BWAY,40.871902,-73.913101,NYCT_4355,40.810838000000004,-73.952766,W 125 ST/ST NICHOLAS AV,at stop,26.0,,15:17:57,,0
2017-12-31 15:35:16,0.0,M100,1 AV/125 ST,40.801966,-73.931361,INWOOD 220 ST via AMSTERDAM via BWAY,40.871902,-73.913101,NYCT_4384,40.81092,-73.952958,W 125 ST/ST NICHOLAS AV,at stop,8.0,2017-12-31 15:35:20,15:29:57,,0
2017-12-31 16:25:00,0.0,M100,1 AV/125 ST,40.801966,-73.931361,INWOOD 220 ST via AMSTERDAM via BWAY,40.871902,-73.913101,NYCT_8370,40.810829,-73.952745,W 125 ST/ST NICHOLAS AV,at stop,28.0,,16:31:57,,0
